id,target
00054c878,
0007285a3,
00076c5a6,
001349290,
001a52e92,
00222d97b,
00249c302,
0026862ce,
00368b973,
003b7a1e9,
0040fc1b3,
00425c2e7,
0042d1bb7,
0049bf38c,
004f1b282,
00529384a,
005b7df6a,
005d360e5,
006e25113,
0074f67f0,
0077222e0,
00799faf8,
008b91c55,
008e3f821,
008ec5560,
00948246a,
00a0beb7d,
00af770ab,
00b7896b3,
00b8c2075,
00bc66de6,
00bce5685,
00bf16ecc,
00cec1630,
00e9139ad,
00ed6cf4f,
00f226552,
00f93fd09,
00fa8f2d7,
010cd9f40,
0112d6cc3,
01138763e,
0114979f2,
011646313,
012992291,
012ab7199,
013f4ba84,
013fef7a1,
014065fac,
0149578ca,
0153a00c9,
0155777bc,
0159eaae7,
015bf0213,
01723e954,
017682374,
0177a2d23,
017a7c7f1,
01901b3b2,
0195324d2,
019ae53ab,
01b9480ca,
01bd10dc8,
01cb9865c,
01cc90925,
01dc5af02,
01defd04d,
01e522ac4,
01f2b4d48,
01f4e2452,
01fdfae11,
0203b20e8,
020894aea,
02185d6f0,
02245f773,
022766eb7,
02281f662,
02334da63,
0233967d1,
02379fc56,
023aebec4,
024398acb,
0251c357a,
0252c8273,
025517630,
025b1f44b,
025efc03b,
02681f591,
027d43d14,
027f411d2,
028b6615d,
0292c1f6d,
029a0cb79,
02a9aed9e,
02ac74f8f,
02b7b98dc,
02c255513,
02c2e5de1,
02d14c7b6,
02d454c88,
02da75082,
02ec680b0,
02efaba20,
02f38f5c8,
02f3d6163,
0302d47d0,
030658180,
0315b4adc,
03212f40c,
03238709d,
0336aa1b2,
033a8231d,
034304bd7,
0343dd238,
0354a13e2,
03584d2d0,
035a152d8,
036b0c54d,
036ff1e82,
03717ca39,
03757be07,
0375ebfc9,
037ce2ade,
038047700,
0381b8ae7,
03913af1d,
03955722e,
039e9a788,
03ac90f05,
03b143ba2,
03b599d01,
03bf6725b,
03ccccbbb,
03d303cc7,
03d3ca37d,
03d440781,
03d6e6707,
03ddd7e21,
03dddf828,
03e1f24e9,
03e372f65,
04033d045,
040b35321,
040d11e2d,
0435eebf2,
043951a69,
044ab0021,
04516b6eb,
0453a29de,
04592c3d1,
046079e1e,
0469192b4,
04696586a,
046af57cc,
047fb9ed5,
04a68fd03,
04a8395ab,
04b1a811f,
04b8b492f,
04bad4e56,
04bb467c0,
04c2dbe2e,
04cef86b5,
04de9f30e,
04e4f4a4c,
04e9bfaa5,
04f1fd319,
04f3c0ef0,
0505cc72b,
050adec09,
051895cd1,
0523310ac,
053f927a9,
0542c5ed2,
054dba5c5,
055184ac8,
0559d7491,
05603939d,
0564deaa2,
056ab23ae,
056c58f5f,
057ecbd6d,
057f4d07e,
0589c3c30,
058bdd032,
058df9f57,
0596167d7,
05a2e3389,
05b1b9d6c,
05c50bbec,
05c58b7ed,
05c5dbb1e,
05cad0ed3,
05cbecd70,
05cdd18f4,
05ced0883,
05e00ce95,
05e95e43c,
05eda6f5a,
05fa8cd9d,
060ee6ba9,
0611d3c27,
061272b93,
061ffd2ce,
06254d84b,
06393c048,
0639bd69d,
0652b38b8,
06530e8ce,
065b424ab,
066bae9d4,
0675028e4,
0681ece2b,
0683ed722,
069fb9725,
06ac9d3ea,
06ae37a7a,
06dfb7caf,
06ec5de46,
06f6d2820,
06fc11f3d,
07065addb,
070722997,
070912189,
070d9620d,
070e8ed64,
07106d3f4,
071d02058,
0736c1b16,
073cb0465,
073e6f222,
0740ed616,
0754037d6,
075a2458c,
076b049c5,
07703b0aa,
0779dc8c4,
077a11239,
077a57010,
077d2d0d0,
078ccfa8f,
0791cd799,
0794bee38,
079dc4043,
079f37dac,
07b2073db,
07c0fb8b2,
07cd0847f,
07d3d76b7,
07dd7e0e2,
07f958d83,
07f970df5,
08067ac71,
08079352e,
081ee0aea,
082bedb99,
083ca5d8d,
083d2ab05,
0851ec1bb,
085d69776,
0864400ee,
087125b54,
0881113d2,
088d82986,
08a464736,
08a517afb,
08b7a793c,
08bb27560,
08c30b019,
08c7c8144,
08c827cfa,
08c9594c4,
08db49dea,
08dc5d626,
08e3fb2f9,
08ef43fc8,
08f6988f4,
09052266f,
090f58db1,
092c9af35,
09430a39a,
094687e08,
0956fd807,
0958e28d2,
096b8094b,
097b1ada1,
0986a1a52,
09a1e5c62,
09ab5727e,
09cd2f9c1,
09d26e1eb,
09d51ef34,
09d69b8ef,
09d7ea37a,
09d84bd12,
09e09ff01,
09e68a9ec,
09fa33687,
09fd08c5f,
0a1a06b36,
0a28fbc82,
0a2e0807c,
0a352795f,
0a3719d4c,
0a423bdff,
0a48a3755,
0a495f928,
0a5ec50d4,
0a61f1932,
0a6b75cdd,
0a768528e,
0a8187e8f,
0a8821a1e,
0a8a1b728,
0a9187286,
0a95ded3e,
0a9780441,
0a9ab0c9e,
0a9def5f6,
0aa2d9472,
0ab0bb87c,
0abdfd870,
0abf30d11,
0ac889a74,
0ace7632a,
0ad1c0e3e,
0adc2e780,
0ae2d2c52,
0ae4c93c8,
0ae892b99,
0af1af0be,
0afa0bb1b,
0b00ee6c4,
0b012093d,
0b088a869,
0b0e4d38e,
0b111593c,
0b14bf066,
0b164dc70,
0b269f982,
0b2a54c78,
0b374033a,
0b4a32021,
0b4c34044,
0b4f0324c,
0b50df53b,
0b7224656,
0b7b5f428,
0b7e37e12,
0b8434066,
0b956a43d,
0ba2cc24d,
0ba4cefd4,
0bb6be116,
0bc59fe67,
0bcb5cad3,
0bcc409dd,
0bce75cc0,
0bd5855d0,
0be1c5856,
0be62c7a0,
0bf7da48d,
0bfb2a22e,
0c044cff6,
0c08d48a3,
0c117418a,
0c22aad8b,
0c2bebcc2,
0c30d8ab5,
0c3106d38,
0c3efb44a,
0c4083a7a,
0c41df813,
0c41f834e,
0c5136dfc,
0c6fda0d8,
0c77ff3f8,
0c7f63a4c,
0c8f02947,
0ca3b2d85,
0ca54331b,
0cac0b665,
0cc05c89b,
0cca29a0d,
0ce45e0fe,
0cef265f3,
0cf850043,
0d005cfad,
0d01f34a1,
0d0e5974b,
0d0fb754f,
0d10bdc9e,
0d16c6139,
0d16ca0e7,
0d2116181,
0d3142813,
0d37114ad,
0d388ef4d,
0d44727af,
0d5073f2d,
0d6164664,
0d700e912,
0d70d7ce1,
0d717164d,
0d79bef24,
0d9543ff0,
0d974e86d,
0d9b33246,
0d9fd6c93,
0dabe76b6,
0dc89d23b,
0dcfb8530,
0de637ad7,
0de7c7655,
0df4ae8ae,
0dfe6acb4,
0e1415d2b,
0e168818a,
0e16e80f6,
0e26a554b,
0e2727d4a,
0e2ab01bd,
0e33ca7db,
0e58736c0,
0e5e3e46b,
0e625e46b,
0e7f1801f,
0e80ca0f0,
0e81cefa8,
0e93f0a9c,
0e9c2bb33,
0eaa662fe,
0eaafb22f,
0eb58bc5d,
0ebff2780,
0ec75dba5,
0eceef679,
0ed755880,
0edb59325,
0ee889b94,
0eece7f40,
0ef0a9cca,
0ef3d86a6,
0efed8d99,
0f2540841,
0f2e57345,
0f385198c,
0f398382a,
0f406d7bd,
0f621768c,
0f6ac0856,
0f7a1d307,
0f7a5275d,
0f7d02484,
0f7e1b7bb,
0f8753c88,
0f8b44dd9,
0f8d5655a,
0f9dd9eca,
0f9fb384f,
0fb042524,
0fb0d93c9,
0fc1662c6,
0fc34ca20,
0fc3c449f,
0fccdd0fa,
0fd58e93f,
0fd7c7cee,
0fd8589a3,
0fdae332b,
0fefc4fd9,
0ff5a6bb7,
0ffbdc3d0,
1006f77af,
100d44e76,
10158892e,
101b5bb83,
103026322,
10305daad,
1031d1f36,
104b78ca2,
1056c9106,
106e23719,
1081950a3,
108a42ebf,
109356f9e,
10a8a99c2,
10aaec379,
10b266d74,
10c6b504d,
10d82f38f,
10dbab830,
10e56e6de,
10ffa595b,
11000364c,
111071b73,
1131c0e37,
113ad4a1c,
113e2e633,
114c6179c,
115b5ef5a,
11711af08,
117c1ce4b,
1190c03a8,
1196c5a43,
11a183aca,
11a5791e8,
11b7b1018,
11c0bb206,
11c6c76ab,
11cef1e9a,
11d68a231,
11d8df75b,
11e2d7dd8,
11f652351,
11f7ac40f,
120329aa2,
1209123fd,
120cde9d5,
120da8d2f,
121052b8a,
12211144d,
1223504be,
122e63240,
123372944,
1234bcbe4,
1242a70e8,
1249ccbf9,
125160291,
125782ac2,
125bc12d8,
126210458,
126790a29,
127b7e6e6,
1286e574f,
1289b8a1a,
12ab6c1d6,
12b3ae845,
12d63203e,
12d6395ed,
12d8dd4b8,
12d8eed90,
12db0b252,
12dc1453f,
12ef83f60,
12fa54de1,
1302d0005,
130374602,
130bcb45e,
1313d3844,
131bb7544,
13289f49b,
132bc4d32,
1340337d2,
134c0f104,
1356ba473,
136178948,
13687f0a7,
136b83d48,
136f0fd9c,
13731679d,
137a2ed27,
137d4d41b,
139216c25,
1396fff65,
13ab0a0b2,
13b5b8ce8,
13bc1c535,
13bd6926b,
13c0417d6,
13c160988,
13c184cdc,
13c3920ae,
13c7d1aa4,
13c874979,
13d0cc019,
13d91ef61,
13da4ba96,
13dad6fd2,
13ddf3c72,
13e003815,
13e68ea06,
13e78f25f,
13e89a53f,
13ee2044d,
13efcafd5,
13f7a6c99,
13f7f8d76,
13fe3dabb,
140b543a7,
140bf09a4,
141b4d426,
141bc8a60,
141e5c40d,
14295bb1d,
142c64d7c,
14390437c,
14491616f,
1449846b8,
145435b33,
14714b3fb,
1479528da,
1479f2648,
147fbd0fe,
148a0a482,
1493212e5,
14b2f28b0,
14b5650ec,
14d7c9498,
14dfefcd5,
14eb4a20c,
14eee9c38,
150b1c0cf,
15149b585,
1529a0423,
154e3c957,
155022ac8,
15572255d,
155f4b908,
156d23429,
1572bbe8e,
1576c47c6,
15785900e,
157c0c220,
157eb9daa,
157fcbe3f,
15828d456,
1586af3ae,
158dead3a,
158e15157,
15928c672,
1598b6a78,
159be4894,
15a53f1f2,
15ad88874,
15b0fd78b,
15bfbddb1,
15c08731f,
15c3c5b1b,
15cb46444,
15cc8635a,
15dacd79b,
15e488f87,
15ecfbf90,
15eda8067,
15eec4394,
15f1eee51,
15f98e2b7,
15fc931ea,
16045a50d,
16164710a,
161dff33f,
1620558d5,
162395d96,
1623af52f,
162421f72,
162b564f6,
162ed9a53,
163702161,
16382e96f,
16396de7f,
163d3d0ff,
163f2d88e,
16468e278,
1655b0606,
165d28df1,
166302af5,
166baf13f,
166d15765,
166f4ceb2,
166ffe397,
1673c2645,
167465747,
167f324c5,
16854a390,
168d7ce1b,
168f2a36c,
169835a69,
169d00882,
169ebd328,
169ebf9c2,
16a661528,
16c1265b3,
16ce49a3b,
16d1271ea,
16e8a9b39,
16ebe6f06,
16f87f070,
16f963ea6,
170a15d3f,
170e48a9d,
171accb58,
172e75444,
1736dfa05,
1739abf41,
174b054a4,
174be5386,
174c5138b,
174f903ee,
175967411,
175eefa9d,
175fa401e,
1764d7bf0,
17653898e,
177410236,
177ad979f,
177e22063,
177f01fae,
179129795,
17941c3ac,
179cb0f09,
179de122d,
17a3ccd80,
17bb870ca,
17c636c30,
17d09ef39,
17d788877,
17e51a63d,
17e677614,
17ecd00b9,
17ed59f7a,
17eeb6177,
17f63b60a,
17f89669d,
18048b858,
180531485,
180d34e52,
180d62b5d,
180f77ac8,
1812a6a29,
1818628b9,
182032c3e,
182548aab,
183510397,
18377f93b,
18398424c,
183e56414,
18448da35,
184b59587,
1852a1f9f,
185c987aa,
185e7a01f,
186a05cb4,
1882f046a,
188b690e6,
1894187cc,
18a0d7e09,
18a40a1b1,
18a69f03f,
18acf7b30,
18b284b4a,
18b65b4ac,
18b7cb073,
18c94c713,
18d56acf1,
19083e627,
19126674d,
1928ca4a7,
193284392,
193667fcf,
1941c74ba,
1948c446d,
1950d5e07,
195549d12,
1958a1512,
195fe3b47,
1966bb723,
196d8ff10,
197756dce,
1979dbea3,
1996dcf8b,
199763ade,
199f14c14,
19a3195b9,
19af14e90,
19b225685,
19c4818b5,
19c84d5ba,
19cf5d868,
19da096d5,
19e15d915,
19e196425,
19e87ce92,
19eae6832,
19eb14293,
19ed5cd84,
1a0b44e6e,
1a1022a2c,
1a19ecba2,
1a1a58a89,
1a27c1f9e,
1a286a079,
1a4276621,
1a460ed02,
1a4a46375,
1a6246e1a,
1a695b048,
1a6974155,
1a69a7ea5,
1a6cda222,
1a77318a2,
1a81dbe10,
1a8e91e87,
1a8eb03db,
1a9679b60,
1aa02f2a6,
1aa71d63a,
1abc53c78,
1abdbf772,
1ac04e8fb,
1ac72eb01,
1ace69cb5,
1acf95df6,
1ad1b366d,
1ae654ef8,
1ae75be31,
1aea1a660,
1aea74b40,
1aeac312e,
1aef76d62,
1af856b6d,
1afd3c240,
1b0cbde32,
1b1dbcc6c,
1b26527be,
1b2b00ec4,
1b4240181,
1b471b86e,
1b475ba0b,
1b49ad30b,
1b561293a,
1b5941ca4,
1b5faf734,
1b68b4aed,
1b6d3dd6e,
1b740521d,
1b7608cf7,
1b7d12ebf,
1b883d448,
1b8c7ccec,
1b8e3c446,
1b96f2483,
1b9ef9340,
1bb526738,
1bb62d9e2,
1bb633530,
1bb8f550e,
1bc5b892b,
1bca2f329,
1bcc7624f,
1bce6a1d6,
1bdcfd1e6,
1be22f201,
1bed256a6,
1bed3a428,
1bf8b57ad,
1bf940260,
1bfae71c7,
1c03d1cd5,
1c0748573,
1c206de3c,
1c2748a57,
1c331ddcc,
1c3ae4be4,
1c46ac816,
1c4e1ff97,
1c5050fb6,
1c5d5867d,
1c5f2d337,
1c647c6e4,
1c7c2e5fc,
1c89eb8c2,
1c9424d4b,
1ca9b3bc8,
1cb15af11,
1cb847682,
1cc0b6157,
1cdaebbaf,
1ce108de4,
1cef5ae0f,
1d074034a,
1d133457f,
1d1408e4b,
1d194cd66,
1d1f0a480,
1d2e73c50,
1d33fd108,
1d388591a,
1d56bc774,
1d63576ed,
1d6ed3f2d,
1d729e923,
1d74917a7,
1d7672b5b,
1d7cabbb3,
1d89404f0,
1d8e22619,
1d986a4b5,
1db0ed26a,
1db75986f,
1dbaa82e7,
1dc2f75a4,
1dc9bc740,
1dce03ad4,
1ddbd4183,
1de618b1e,
1df3960ac,
1df738101,
1e089eed6,
1e1983596,
1e29a28a4,
1e2b4532e,
1e2f30763,
1e347b5c6,
1e350837a,
1e36242e8,
1e3745f9f,
1e3805851,
1e491e0c7,
1e4945fae,
1e4a3c93a,
1e4f513b1,
1e66dc097,
1e7613726,
1e8258038,
1e85f128e,
1e96120e2,
1e9f8a9cf,
1ea171ea7,
1ea864621,
1eabd3808,
1eae63641,
1eb7d6c0e,
1ed23f180,
1ed98b2c2,
1eda05107,
1f16f3d21,
1f1b97309,
1f278d79a,
1f44f9cf2,
1f49fba3b,
1f4ca58ce,
1f4dd9252,
1f4facc67,
1f5322532,
1f559c74a,
1f56cb821,
1f5ed235a,
1f6a6e286,
1f71a3261,
1f8440ba9,
1f88818c4,
1f90a8a8d,
1f97b51bb,
1f99bcb26,
1f9bb71c0,
1fa210d02,
1fa95dce0,
1fac557ce,
1facb0bab,
1fad03858,
1fb79bbbf,
1fd8eca54,
1fe03dcb5,
1fea4cd1b,
1fec448ce,
1ff1779c7,
1ff85c617,
1ffa3cb4f,
201692ce4,
2017b3fdc,
2018f248a,
20193b2eb,
202abadf6,
2030bee04,
2038c3031,
2042bdbc0,
20499932c,
2056c3a09,
20612b3e4,
2065468e9,
206b6fd3d,
2083f23b4,
208864875,
2091fc612,
20999bd6e,
209defc83,
20a2a588b,
20a93f1b3,
20ac0b973,
20b0c3264,
20b2a79d6,
20c78eaa9,
20c79f216,
20d6d3d11,
20da3bfe4,
20ddd8124,
20e1dbc67,
20f826e8f,
20f85a935,
20fac1e5a,
20fe73064,
210c5f6a1,
210d428ed,
210e1bf07,
211108cc0,
211915b6c,
213a9cfd9,
213c9c1e1,
214afe4ba,
2160cd800,
216a77798,
21757f717,
217f00dbc,
2181c8d4f,
218b75976,
218d23009,
2198d3dde,
219a74c97,
219e658a1,
21a4325ca,
21aa55974,
21abfd3d0,
21adf8ae9,
21b058f46,
21b422f9c,
21be14b8f,
21c0fb0e2,
21ca166ea,
21cbfa6ec,
21d8279c8,
21da3e4fe,
21dd6365d,
21de038bc,
21e11dc9c,
21e7b7b1d,
21eb83104,
21edead5c,
21f487cb1,
21f64dd0d,
220bee1ab,
2215d0e59,
221b920a4,
221b9351d,
221bff6bf,
2221e08b4,
222ded48a,
2230f673c,
2232ffe30,
2240411ef,
224090c0b,
2247bb3cb,
224882276,
224d8bd60,
225096759,
225f1458b,
2273304ae,
227585724,
227882f75,
2281fbb9b,
228955f70,
228ea538a,
22ae0a21c,
22ae9466c,
22b61b7b3,
22c61fa16,
22c846fbe,
22cdae137,
22cea7757,
22f278e24,
22f3c3f98,
22fa25a39,
2302506d4,
2302d8203,
2318841f8,
2322ca9fb,
233722d5b,
233c3c6a1,
234e172c0,
235074ad0,
2359aacd9,
2377560f7,
2378b0254,
237cb7ab6,
238548328,
238ec2004,
239146568,
23951e3f3,
2396125f8,
2396f6e5f,
239afe0e3,
23ad6107c,
23b87f1de,
23c5d3107,
23d4d56aa,
23d70e5d1,
23d90d609,
23dbfa381,
23e1f0d09,
23ea2dd47,
23f05ff76,
2403a7f26,
240789d04,
24172ff03,
24263e15e,
242f3388c,
24321261f,
243845761,
243c3e15b,
2442574a3,
2446e724a,
244a022f4,
24555e212,
245d3397d,
246248035,
246b9e2a9,
246d81b66,
247b0aad2,
24826d1cc,
248d86603,
248eacb23,
249099ad6,
2498595ac,
249a7d697,
24aa2f8e8,
24b4174cb,
24b4ea622,
24b8f38a9,
24be3eda8,
24c36bca7,
24c5f0dce,
24d239dd4,
24d2c28a3,
24d81518a,
24e277391,
24e420cda,
24f4230d3,
24f479aa2,
2501b6a0e,
2508e1372,
250ce99ba,
251c08ba3,
252739339,
2527e587f,
252b76fd6,
252e4c5e1,
253ef1cc1,
2553cfdf2,
255a39b4b,
25671a512,
256cfb009,
257264706,
2574c04d0,
25840f76a,
258a16ead,
258c76b48,
259597740,
2596f4dc2,
259d4078d,
25accf59d,
25af2335c,
25b0cdd2b,
25b483fa0,
25b791526,
25bd3129e,
25ca59a9f,
25cc60c9b,
25cd1d572,
25d7d2036,
25da458ea,
25df88962,
25e803075,
25edc2b03,
25efefd58,
25f15fcf3,
25f367019,
25f58f4ac,
25f73cbb5,
2600816da,
2601a8d49,
26029ae73,
260ae34aa,
261de69df,
2645f49be,
264da28f0,
26519fb21,
2663b03ef,
2666e4e33,
266bd2b42,
266ded8aa,
267656839,
2680bccba,
2680ed47a,
2680f3986,
2682eb809,
2684beca4,
2687596fc,
268796025,
2690522b5,
2696ad948,
269f23abd,
26a1e8fc1,
26a25f038,
26b331261,
26b6c7c6f,
26ca57eba,
26d4cd8b0,
26e48f655,
26f290224,
26f2bdf8f,
26f967ceb,
2705507a9,
271635de0,
27169ebe7,
271cbdef8,
272d7f280,
274853c10,
275a2d879,
275a70713,
2761e4bad,
276a25931,
276e7ada8,
277238c02,
277aee87b,
277b3de70,
277dd0783,
27842a2de,
27999a1d2,
279d1e6bc,
27af03e95,
27b79ac5b,
27b9248e7,
27ba828fc,
27c110ebc,
27d971a33,
27e10da62,
27e25cd9a,
27fd01909,
2801d2cf4,
281179abb,
2811dda55,
2825eec71,
28375a381,
2867f9917,
28688c5d6,
287a694e3,
287e1358b,
2882c413e,
288bebc71,
28967ac03,
289aa97f1,
289b9b1d8,
28a45b2cf,
28b102db1,
28b7a2fa7,
28bab9c02,
28c174b0c,
28c370e8b,
28c4b2ccc,
28ccc57ff,
28d3d4721,
28e3f6840,
28e7f3984,
28e8e819c,
28eb1402a,
28f679138,
28f966d5c,
2902aca6d,
2918a68c6,
291c8006b,
29206e1c8,
292597e2b,
2932c1106,
293b49c00,
294551116,
294570d14,
294e11b68,
2955a55b1,
29578d353,
29621e9c5,
296a010a8,
296d6ed4c,
297852c10,
29806ffde,
2980f2734,
2984dfd42,
29873c606,
298fccf3f,
2995e27f7,
299c7680a,
29abd7242,
29b2926dc,
29b2a2dd3,
29b4b6f25,
29d0c9fde,
29dcff6ac,
29df51937,
29e73e571,
29f024947,
29f13616c,
29f23d62e,
29f3d1ed5,
29f66e1b5,
2a0159541,
2a08f60da,
2a0a07190,
2a11620d4,
2a124cfa0,
2a12adffe,
2a16e3ea5,
2a180c12a,
2a3c5d10b,
2a435f1d4,
2a47717a6,
2a4da4d40,
2a4f54fb6,
2a50e663b,
2a560352e,
2a58847fd,
2a59ac521,
2a691ea05,
2a7431efc,
2a7727c80,
2a780f1ec,
2a78ef0cd,
2a80bbe2d,
2a870f928,
2a8b1d68b,
2a95ccd3e,
2aa30641a,
2aa43f238,
2aa684043,
2abd229bc,
2acac0aa8,
2acfea1ea,
2ad57f7d1,
2addae34c,
2ae002c3f,
2ae38e123,
2aea19b04,
2af6107ca,
2afa07aea,
2afc5be0d,
2b02dc507,
2b1c3b04e,
2b1ddda16,
2b27d44c6,
2b2fec5b7,
2b301c6ea,
2b37fda69,
2b3f9793b,
2b45c4f20,
2b4767f70,
2b5d300d4,
2b5eba55a,
2b621fbd6,
2b725d36c,
2b72b4200,
2b7496e11,
2b98eda8b,
2b9bd873c,
2ba03b763,
2ba7309bb,
2bac5ea5d,
2baea532d,
2baedd1a4,
2bb864b08,
2bc72db52,
2bd9651ce,
2bda69a2d,
2bf8ffa4f,
2c030644e,
2c0c094f1,
2c0daf13f,
2c2509f97,
2c2656a0a,
2c36ebb2c,
2c37dea75,
2c386d93e,
2c417c6a1,
2c46b20ad,
2c609b665,
2c6117e69,
2c640198d,
2c66c98d2,
2c766d39c,
2c99c734a,
2ca75fabd,
2ca8eb99e,
2cab32f98,
2cb3b6a3c,
2cb4f1741,
2cb9b8034,
2cbdeb983,
2cbe330e0,
2cbe731f1,
2ccab5f55,
2cd3a68eb,
2cd51e2dd,
2cd6095ea,
2cde004b3,
2ce18a2b6,
2ceb94002,
2cf6af5d9,
2d09c2751,
2d0c5cc34,
2d0eedd73,
2d175c3ef,
2d1cf070a,
2d207c125,
2d2275bb5,
2d312602a,
2d3831fae,
2d3d1f36a,
2d4b3758d,
2d57c9399,
2d5a7e820,
2d5db8379,
2d69bf6ff,
2d7430bee,
2d757d2c1,
2d7be3576,
2d7e9239b,
2d7eee0a1,
2d8486121,
2d88e37cc,
2d8e9f19b,
2d8f98845,
2d99bb6f9,
2da28ab01,
2da421ad6,
2da93eb88,
2db889743,
2dbea30b0,
2dcf15476,
2dd34a184,
2dd68913a,
2dd75a779,
2de2c7e8b,
2de80036e,
2df4fd18e,
2dfb1cc8f,
2dff3fd9f,
2dffbee57,
2e1dfa2e0,
2e1e2ac82,
2e30def49,
2e3a93b11,
2e3e09dc2,
2e409948f,
2e4527443,
2e492b264,
2e4b07bcd,
2e4d52543,
2e4e231fe,
2e4f5c01a,
2e59708cf,
2e5af1d8b,
2e5d8732e,
2e5f6b4f3,
2e61e4db8,
2e6499dd4,
2e68ae396,
2e77ee1c0,
2e781a2d1,
2e8440153,
2e848c674,
2e86815e1,
2e8f92e5f,
2e938f02b,
2e9466aee,
2e984eee1,
2eb7fbe80,
2ebbdcd5d,
2ec06617e,
2ec2db48d,
2ed97d72c,
2eda1916e,
2edf1941f,
2ee6aa8ba,
2f006d336,
2f09acd13,
2f0faa87b,
2f117f653,
2f178d401,
2f1c07fc3,
2f1c15b78,
2f20aceab,
2f2491c4b,
2f303d5a8,
2f414f00c,
2f4bed0f0,
2f4d6dc4b,
2f52d80e3,
2f594acf6,
2f5a32922,
2f5dfb161,
2f65c50c1,
2f6bdbf65,
2f7203899,
2f729cfcb,
2f9092231,
2fa11ebfa,
2fa140846,
2fa273e9c,
2fac4f07d,
2facb662b,
2fae13014,
2faf23a2a,
2fbd9d086,
2fc00284e,
2fc8e9ac5,
2fce4b168,
2fd99abf7,
2fe5f1717,
2fe8795d8,
2feb676e6,
2ffb7300b,
2ffbffea8,
301ccf1db,
30218f6ba,
30227aa06,
3022e8994,
30240e8a5,
30246a295,
302a9cc68,
3036d3d49,
304604cee,
304d72395,
304e5f355,
305cb7958,
3066bfa9b,
306bdc5c1,
307bec68c,
308417080,
309c1cc9e,
30a174b47,
30a8de1a2,
30abc887a,
30c29d4ee,
30c2c9698,
30cfae203,
30d97f5b8,
30d9b7a19,
30e9e8ccf,
30f55199a,
30fdee77f,
30ff84d11,
3109af837,
3115fdd06,
311e89546,
3124ee58e,
313d68b08,
313dcf76e,
31442c416,
314a547fb,
3157502aa,
316520dab,
316d1e43d,
31708e739,
31778cb94,
317c10e96,
3185625a3,
3187293ba,
3190f5826,
319369a3b,
31a087192,
31a1ff060,
31a4f1176,
31a633a8f,
31b4f9e49,
31b532d30,
31eb0f3bb,
31ffa6934,
32048d5b6,
321c076ee,
321dba60a,
321f6e7b2,
322046c4d,
323069c60,
3242d94d2,
3243f16d2,
32456a016,
3245cf936,
324a3e557,
325abb799,
326a66010,
3279f4bba,
327d89e99,
3281d6ea9,
3299e60df,
329dafa56,
32a8dc908,
32b1ab55e,
32b9162a3,
32b9302b1,
32b9df202,
32d5c7384,
32d92f31e,
32e593923,
32f129c6a,
32f3f9763,
330040061,
33066de1d,
3323888e7,
3325b4a0e,
332aabbf3,
332d53dba,
333e843e3,
333e869e7,
333ec6e1e,
3342da640,
33455a4fd,
334680bd1,
334f1361f,
335450795,
335af5513,
335e2d6b9,
336287b60,
3367bb1e2,
336ed74d4,
337474351,
337b82964,
338088eee,
33a9a11ef,
33abc2840,
33ac02361,
33afd9b66,
33bbb0d5a,
33ca5d1f5,
33d2f414f,
33e991bef,
33f3c7eb4,
33fa7119d,
3400815e3,
340ed688f,
3416094fe,
3431215e5,
34351b41f,
34365c566,
343925c90,
343982465,
343fd1262,
3443e104d,
34486163c,
34589dfa3,
345c0993c,
346325f21,
34737f1ca,
3475ae0c6,
347674c97,
3485ed239,
34875bb02,
3490ccde6,
3498f12b3,
349aeab62,
34ae203eb,
34b4a2d22,
34b6b7a85,
34b6b7c42,
34bdf106a,
34bf03496,
34c1bd4f5,
34d9740b9,
34da73473,
34db83b19,
34dbb39dd,
34e53af58,
34e67e4c8,
34f749fd5,
3507e1515,
350b0940c,
3522fb5b7,
353756758,
3539f5dfa,
35480a009,
354f54d7c,
35501d088,
3553c5175,
356480c2d,
356d9f0c1,
356e630ce,
357da8c0e,
358f5416d,
35912f984,
3598b9f8f,
359e0ce29,
359f51a42,
359faf5d1,
35a10ddf5,
35a5ef7d2,
35a64bc6f,
35a67c429,
35b0221d1,
35b2d50c5,
35b622a57,
35bd64b86,
35c4a4caf,
35e2c137c,
35e7353b3,
35f4e9d07,
35fd89ce7,
35fe87101,
3615b4b04,
3621846db,
362b79133,
363851859,
3651be515,
3657144b0,
365b21bf3,
365fc91f3,
36625a7db,
3664a9483,
36713c45c,
3678efac8,
367fbc41d,
3685be938,
3690e5f17,
3692abc85,
3693edcca,
3699a8f92,
36a759663,
36a9b224a,
36ae9e163,
36b5fe1db,
36bcb5312,
36c046e7d,
36c076880,
36c7aa6dd,
36ea69275,
36edc5617,
36ef0d514,
36fdc6c14,
37078b7f7,
370a714d8,
370fa1443,
371a20194,
37284b3f5,
372ea2fb2,
373013ace,
373208b48,
373e65074,
3742aa18c,
3743e5872,
374706004,
3753e999c,
37605726a,
376b6b336,
376ffab2d,
3773d36d3,
377f823f8,
3795ea957,
37a72c8f4,
37b78613b,
37bae074b,
37c3560d2,
37c63795d,
37ca548c2,
37cddba51,
37d183d8d,
37eed1e3f,
37f37842c,
37f773182,
380bd003a,
381a9af29,
382beb1ba,
3831982e5,
384093996,
3846c80d2,
38487a912,
384c9d710,
386325165,
3872d8ca8,
3876688ce,
3885d0e1a,
388d00912,
388d61cb3,
3894ab1aa,
38994676c,
389c842b9,
38a153b48,
38a26e0fe,
38a84a185,
38aeeb692,
38b2510ec,
38b958404,
38e5a04c3,
3908f8caa,
3910c3049,
391de0d9c,
392346654,
3927305b6,
3938b65d9,
394e51f85,
395315f8f,
39566fd69,
39685f94d,
3970196ce,
39724acc4,
3973f210c,
39747c3ca,
397a7820a,
398e77cf6,
399061e8d,
3993e02b0,
3997f4b44,
39a264f07,
39add4593,
39b3c17c1,
39bcf7ae1,
39c7e18d7,
39c7fe349,
39cdd9684,
3a116c2ec,
3a122e5ed,
3a1e277b4,
3a1e4869d,
3a2b9cb1e,
3a2ef34c3,
3a35cc844,
3a366c0c0,
3a38d15d5,
3a3b163b1,
3a3b87cf6,
3a43f198b,
3a4567685,
3a6179583,
3a79659a2,
3a805d393,
3a87c2e9a,
3a8fe5550,
3a94e8b84,
3aac26ff3,
3aacdb0c5,
3ab95152d,
3abcdaf6a,
3abd2b4bf,
3ac230af8,
3aca88934,
3ace71d68,
3acf14164,
3adac9736,
3ae232a65,
3ae964d05,
3aee2bc65,
3b10829bd,
3b19b517c,
3b2bd0d87,
3b38bda20,
3b4327188,
3b5293d8c,
3b54fbb0b,
3b55b3adb,
3b689c087,
3b69b2359,
3b6e09b26,
3b6e7e204,
3b6e7f0ac,
3b73ee0bd,
3b7a26326,
3ba36b9b8,
3baee043f,
3bb2fa1da,
3bb324628,
3bcc523a3,
3bd81f871,
3be3dabc7,
3befa0758,
3bfa30d05,
3bfc9f062,
3bffefd36,
3c004bb67,
3c0b802d7,
3c1fe0fb6,
3c22ba17c,
3c3139f53,
3c43afe73,
3c451363c,
3c58ca80b,
3c64950a5,
3c7d60c52,
3c80d221d,
3c84aad9a,
3c873366c,
3c8f7d9e4,
3c90bd04f,
3c913f6c0,
3c9f60620,
3ca343d49,
3caac79b1,
3cb72e7e0,
3cc6680fb,
3ccb19177,
3cda37254,
3ce108eac,
3ce2df4cb,
3ce6291e4,
3ceb203c8,
3cedf31bc,
3cf75ede0,
3cff3d1df,
3d1308f83,
3d22a014d,
3d2835462,
3d331f180,
3d3644c38,
3d3ece2ca,
3d4464b6a,
3d4466d99,
3d499c321,
3d4d2f5f6,
3d53f7908,
3d685884d,
3d6f69e95,
3d75940ec,
3d8123eed,
3d849cc63,
3d8c46ba7,
3d8eed7de,
3d964d35d,
3d964edfe,
3da1e0f33,
3da2e2296,
3db4eb436,
3db99e7cf,
3dc645474,
3dc964345,
3dccf2e04,
3dcd79179,
3de0d575a,
3deb77f81,
3df1d8699,
3dfb9341e,
3e066bd2c,
3e0d1f1be,
3e2470a6b,
3e24c83f3,
3e2b4938a,
3e2db09f1,
3e2fc9b2d,
3e360e082,
3e3f4c2e5,
3e4074562,
3e4a115e8,
3e4a3c65a,
3e4b4a631,
3e503b700,
3e52501b6,
3e5462f89,
3e5b7a464,
3e6d50096,
3e7691d52,
3e79f2427,
3e7af33c9,
3e7ba9e6e,
3e8a698ca,
3ea8fb800,
3ead63090,
3eafe35d1,
3eb0bcc3b,
3eb28520f,
3eb80acb7,
3ebe2de1a,
3ec14e07e,
3ed8f820b,
3edd2d2d2,
3eed8435b,
3ef3aa8b7,
3efa96f08,
3f03f5c65,
3f0d6892a,
3f0ec072c,
3f0f49323,
3f1d73324,
3f287d336,
3f29ae6db,
3f30d29d7,
3f34cfd97,
3f351f523,
3f39b4ebe,
3f4c637a2,
3f5849e72,
3f5a9355b,
3f5be5bf5,
3f5fc1b36,
3f604bdfb,
3f6727522,
3f70d4fac,
3f74400f2,
3f7f7c2ff,
3f8467069,
3f86886e8,
3f8efa3ab,
3f8fec5ef,
3f9a9c0ad,
3fa023578,
3fa0a3d50,
3fb77ca7f,
3fc3a9aad,
3fc4578d4,
3fca6a63f,
3fcf22311,
3fd6ab57f,
3fda34764,
3fe94cb07,
3feac2d37,
3fed564dd,
3ff6cb636,
3ff81b4f0,
40004e83a,
4006adb1a,
400b94859,
4023812b5,
403b713ee,
40754470a,
408111656,
408c093e6,
40a64deec,
40b2a0e84,
40b3a26cf,
40b61262b,
40bc3aab3,
40bfb28b4,
40c076202,
40cb90e86,
40cbfcdc8,
40d02250b,
40d482518,
40d56dc0a,
40df3665f,
40e118e70,
40ecc1d13,
40efcbe63,
40f6e75a3,
410174583,
41067c0bd,
410a71452,
41154b5f0,
411d1dd5c,
4121e12e3,
412c5e57f,
412fb441c,
412fb5501,
4134d50ea,
414f7b8dd,
415b91625,
416902f09,
4175924af,
417d60898,
417d87b45,
41b7668b7,
41c1acdf7,
41ca072cc,
41e5f7426,
41eea946f,
41f4bd1b3,
41fd2ebbe,
41fe70359,
4217e9877,
422e34222,
422e6700f,
42313a825,
4237dc1f6,
423942342,
42437c90c,
4247e30cf,
424b9d175,
42505c17d,
4255f61cb,
42666c2be,
4266b742c,
426c68d52,
426cadd53,
427374851,
42766dece,
4276c940e,
427abe2c4,
427bb50fb,
427e1391e,
428817493,
428ea7d64,
4292887b7,
429b4958c,
429bde914,
42a3b2de1,
42c0ecbc3,
42ca943d0,
42cb97834,
42cc391aa,
42dacf621,
42efccabf,
42fba1757,
430b3a59c,
431f4d9d9,
4320a5daa,
43252a535,
4337094c3,
433d77a3e,
43522034b,
435465a6a,
435719203,
4361734e0,
437452302,
438a3beaa,
438bf9d81,
43945e88c,
439e01a94,
439e222e0,
439ff8b8c,
43a222b61,
43ab3acba,
43b088b37,
43b8c1812,
43b9c5769,
43bca26da,
43c29ebce,
43c549642,
43d8f53f0,
43dfcc647,
43e27fa3a,
43e78516d,
43fb14080,
43fb954b6,
440469f90,
4406e6a54,
4410e9610,
441248002,
4413b5809,
4417a60ae,
442059a9a,
442781a73,
443410e95,
44406c85e,
4444400ef,
444aa5fda,
445751969,
445891238,
445b4cdc4,
446a74914,
446f418bd,
446f91e20,
44891b502,
448dd33f6,
4498a72a8,
44a348cce,
44b0df9c0,
44bb085ce,
44c13833b,
44cca5b08,
44cd0ba0f,
44d139661,
44d24c321,
44dab025e,
44dd7e761,
44f85a5ca,
45046add3,
450a35893,
450f0b42f,
451457f61,
451de0603,
451ed0d6a,
45203d3a9,
452e3cbd5,
452fbfee3,
4540ba7a5,
4547b00af,
454b64ff5,
454d0437f,
4561ea482,
4564329d4,
45679dba2,
457cac29c,
4580ae525,
45814a703,
4585ef543,
45913e758,
45938c4f5,
45a843531,
45b0a3f96,
45b2d9c0e,
45b549521,
45ba98069,
45baf528e,
45ce97211,
45e58fb37,
45e8578bc,
45e8fd6e3,
45ec3b764,
4605e0a12,
460ddfc6c,
46103fb41,
461990609,
461fa098f,
462371a19,
462b1bfde,
463a3c2e6,
463c41a79,
463e691aa,
4641e706a,
4656d92d2,
465de42ff,
4660b9223,
46684d694,
466faf13b,
46786a519,
467d3b86e,
46978358a,
46a027282,
46a269113,
46b0aac6d,
46b2dcb51,
46b919abd,
46c1e833b,
46cab26bb,
46d065d2e,
46d0977c2,
46de9e5ea,
46e19897e,
46ea07334,
46ee33d36,
46eeb7bce,
46f513218,
46fbd70e4,
470744e8f,
471b9e03e,
471d69dcf,
471dc2b1d,
47328a879,
473adc567,
473ef0b67,
474ab22d3,
4751cd02c,
475262b28,
4756d2aff,
476369b19,
47669729b,
4768dd659,
476ead1d0,
4775109fd,
4776edc4f,
4783d0053,
478547418,
479198f44,
47920951f,
4796f4337,
47a217380,
47a5c463d,
47a65edf2,
47a9f1053,
47ab819ef,
47bbb2b5c,
47bbe83b2,
47c00fdc7,
47d0c9dc0,
47d1ddc2e,
47d3992ef,
47de632f0,
47de6adaf,
47e64ebe7,
47f009801,
47f713e31,
47fc74089,
480037d1c,
4800d49de,
4807014ff,
480eb7762,
4817ab533,
48355bd69,
48589b9ca,
485a7b5a5,
485b0e672,
485be1079,
485da182a,
485e3a488,
486996365,
486a6294c,
487770e22,
487822703,
48834654c,
48843ac10,
4889ee6c8,
48918b5e9,
4895ab090,
4895c61d1,
48a202223,
48ac8d5c4,
48c7450e5,
48c9b4b5c,
48d1ee4a7,
48d500e03,
48d949282,
48e88a5eb,
48eb593a7,
48f8ffaa5,
48ff00f9c,
491fd5044,
492b536f7,
492d21195,
492dad102,
494456b4c,
494b68198,
4974eb309,
4979269be,
497bd547e,
498a3bd60,
498ff001b,
4994c7c9a,
49a04ef7e,
49b5de9c2,
49cb0cf94,
49cb6ebab,
49cc0b77a,
49cdffe0b,
49d11e332,
49d27ed4e,
49d9e7dad,
49e349304,
49e7c55ce,
49ea30445,
49fcb9114,
4a001ddb4,
4a017c58f,
4a069a1a6,
4a095dc42,
4a0b956c0,
4a1632928,
4a1835e6e,
4a1d0edd4,
4a2b2cf1f,
4a5c1d5be,
4a5e7564f,
4a620e20d,
4a6904ca7,
4a6b12705,
4a6fda33e,
4a74dfc54,
4a8b75b81,
4aa80d69c,
4ab068753,
4ab7e88f5,
4abc5609f,
4ac44b456,
4aca9aa7a,
4aceda2f0,
4adcc2071,
4ae0f0b53,
4ae28dc4a,
4b1dc214e,
4b1e42083,
4b2852b32,
4b2aced9d,
4b3a71056,
4b492257f,
4b4cf0506,
4b5d3b55e,
4b6067420,
4b63af3ed,
4b69b42a9,
4b71d2616,
4b7e16120,
4b879b86e,
4b98295cf,
4b9b21979,
4b9eef493,
4ba77a54b,
4ba842c58,
4baa73eff,
4baa99ef5,
4bb1ef216,
4bb88eb68,
4bc328a13,
4bc476858,
4bcb9157d,
4bd4101d9,
4bfa2d823,
4bfc565df,
4bfccb0c2,
4c26c6614,
4c28b6707,
4c290316c,
4c2d14ead,
4c2ec1a95,
4c2ff0c35,
4c3443d0e,
4c41ba002,
4c5343657,
4c558cfb0,
4c62bb25e,
4c660ef73,
4c73165f8,
4c8f5c5d6,
4c90cd001,
4ca3e2881,
4ca82fcd5,
4ca95032a,
4ca98aa3a,
4cab07d9b,
4caba9a5a,
4cb8df152,
4cc045ef4,
4cc770d82,
4cca7a7ae,
4ccaaf657,
4ccda6107,
4cd35a5ea,
4cd50d2bd,
4cd76c3f8,
4ce6dce4f,
4cf25fd01,
4cf53796c,
4d0bba14e,
4d1e80bba,
4d2082a6f,
4d2a62012,
4d2b991c0,
4d4cead45,
4d4f2f440,
4d59fcf03,
4d6213ed3,
4d688a4f1,
4d7387d46,
4d76267e1,
4d773eb25,
4d821cbe8,
4d9b509f0,
4da6cacc2,
4daec541c,
4dcabbe2c,
4dd750164,
4dd7fd7e8,
4de6da99e,
4deb91903,
4df3fc4fb,
4dff1cfb2,
4e03f621d,
4e05a2a97,
4e23cd122,
4e38c9ce6,
4e4349ae9,
4e4490364,
4e49e062b,
4e594d2cb,
4e5bf9bcd,
4e5e1368e,
4e6bb1682,
4e8d15e26,
4e9e24985,
4eb77d358,
4ec4b6776,
4ed923e46,
4edadf385,
4edc77f22,
4eded3f38,
4ef0bfdf0,
4ef36d800,
4f120e7b4,
4f187bb78,
4f306a341,
4f346146b,
4f3a2ab24,
4f3adcec8,
4f4db2d27,
4f520be3d,
4f5518162,
4f5676d48,
4f6265cfb,
4f62c3120,
4f63cfe56,
4f69417cf,
4f6945f92,
4f6ae5bbf,
4f6c1789b,
4f957744e,
4fb10f216,
4fb630c0c,
4fb9226ed,
4fbf29c85,
4fc2dd384,
4fc603740,
4fc7d10d0,
4fc933c47,
4fcb08cb2,
4fce03c15,
4fd10e2ff,
4fd69ca64,
4fd6d8b74,
4fd9038d1,
4fea1ad05,
4fef8cbff,
4ff02087d,
4ff0acbfb,
50026faa5,
500960f18,
500ca9751,
50259c375,
5028b81d9,
502b71045,
503b4a64a,
50406f439,
50456e78c,
504678c3a,
5047eaa1b,
5054824c3,
505ffc1c0,
5064cbd22,
5079d7f4e,
5081bd22a,
50851fe35,
50865063c,
508c0ae4b,
509173273,
50a58d358,
50a8c2c28,
50ab23095,
50add308a,
50d2dd354,
50ed9d01c,
50feb40ff,
5105a8690,
510c6f521,
5119268f7,
511fef7a9,
5123844c5,
512abc6cc,
513392e98,
513ab9ad5,
513b962d2,
51432e60b,
5143a242f,
514dc88f8,
515f9c9d1,
516115a35,
5162ebe22,
516ac5fca,
517631448,
517716978,
517c6b07a,
517f12b45,
5184e7569,
518949f96,
518dbbbc7,
51a49f3f7,
51a5be348,
51adb7fc1,
51adf9158,
51af8d297,
51bf77fd7,
51c1c7441,
51c4c083c,
51d37e242,
51f813b14,
5202d5c30,
520d9688a,
521704abd,
52186fb05,
5231b5820,
523d37990,
523eb85ab,
524b0c283,
5255a5a34,
525a136a4,
526675fc5,
527c1ed1c,
527e31026,
528403c2d,
528c3b693,
5296c6462,
529ad9fed,
52b1cab5a,
52c122f97,
52c1b6e12,
52c5796fe,
52cd0a8d1,
52d026e3e,
52ebadd33,
52ebc095a,
52f14f4ee,
5302a5c1d,
530686b35,
53077b66d,
530a1823e,
5310205bd,
532883f9d,
5329a429c,
53320e6bc,
53339202e,
53362e699,
533dc5184,
5348aa921,
53548fa61,
5376c9cac,
537893f75,
53843a68a,
5388e737d,
5391c6e7b,
53a59e30e,
53b80dcf4,
53bc73f80,
53c4b4b1a,
53c622794,
53dce1241,
53e4778e2,
53e48e768,
53e623722,
53e836b58,
53ead9e8f,
53eadeceb,
53f254a5c,
53f6fb48c,
53fab0819,
53fcba6d8,
540c51d46,
54214021c,
54273705f,
542bf15f1,
542e66ca7,
542e9de17,
5434a1eee,
544cace9f,
546913595,
547749f0e,
549068ab0,
54923a6c9,
5498b00e5,
54996339c,
549ac997f,
54a627aa1,
54aa74fdb,
54b075c33,
54b66e8ef,
54bd1f67f,
54c5c58b5,
54ef183b7,
54f3a63cb,
54fbc5976,
5517817f3,
55179b353,
551db34bf,
551f6f9c0,
5524435ee,
5524df790,
55251cac2,
5528f19ae,
5529f6fbb,
55465dae2,
55473f041,
554840013,
554acdf38,
555c5879a,
556919a27,
556ee9c40,
557101b66,
55713ec37,
55738d349,
5577c78ca,
557f48b1c,
55966ef58,
55981e7a0,
55a86271f,
55abc648a,
55b875fac,
55c067665,
55d29f87b,
55d97dafa,
55dd4d584,
55ddb56ec,
55e54564a,
55f21ae98,
55f5a7bde,
55fcc4044,
560553be8,
5605e4b9f,
560b9d4fa,
5618591e4,
561ed2c4f,
562c9d013,
563045270,
56336430b,
56352a8d1,
565799ee8,
5659e43d3,
565aad71e,
565ace6e4,
56646cb88,
567062e5a,
567997917,
5681405c1,
5681b3d3c,
5695189b8,
569b916eb,
569d648ad,
56a71adf9,
56ad4207d,
56b090eaf,
56b57039a,
56c30dbc9,
56d261632,
56d6c6dac,
56d9daa10,
56debdb38,
56e3a9c78,
56edbe968,
56f0e2f27,
56f5d5923,
56f75fc08,
56faa4a48,
5704c19a5,
570908c1f,
570eabe5e,
57185157e,
572ac63ea,
572d0cc9e,
573f7ebbb,
573f95427,
5748671da,
574a8e06c,
5751f0189,
575279348,
575f47724,
57629b360,
5764c91f7,
5768b3d4c,
5769efa7d,
577149a1a,
578a44b39,
578bf271a,
578d86296,
57929a698,
57992544e,
57a599b3a,
57a9c5ada,
57bd3c12b,
57c9e7abf,
57cd9420b,
57d4097fe,
57e146d20,
57fa4b103,
5803fe4fe,
580c6da07,
58196c5b5,
58197b2fc,
582d12621,
5847890b5,
5848a3111,
58576223d,
585b6336d,
5862b8a81,
5864e326d,
587390035,
5876d2bed,
58780e890,
587c67dfc,
58804edfc,
588603fc4,
588753c27,
588ce572e,
58907cc27,
58a89793f,
58ad3c710,
58b0c0f60,
58d8a766d,
58d8aeb84,
58db64302,
58dfd4456,
590482173,
5908c5ce5,
590bff81b,
590ccb410,
590e704ca,
591a730ef,
591e7e3b7,
594835bd2,
594caa960,
594dd0c8e,
594f1f3ad,
595030557,
59527979c,
5963c4887,
5966c3dfa,
597ff3f54,
598466e60,
598f69dd9,
599aac970,
599c8dec5,
59a6a4b02,
59ac6799e,
59adb049d,
59b1791b4,
59b274c13,
59c468c11,
59ca5e4b3,
59d6c43f1,
59d768ec0,
59dd98540,
59e915934,
59edce74a,
59f188a9f,
59f63ba2c,
59fa3f682,
59faa36eb,
5a0827faf,
5a12e9c9a,
5a15b0a77,
5a2110fe1,
5a2391d0a,
5a295d73c,
5a2aa74fc,
5a3460428,
5a36b5407,
5a3b641d3,
5a45f9205,
5a4be35b0,
5a5017cdf,
5a5adcba2,
5a5fb916c,
5a734ac87,
5a7725fb7,
5a840df8a,
5a8e6ee66,
5a9712ddb,
5a9aeafd3,
5aa13910b,
5aa3ec082,
5aa958f11,
5aaa40ec4,
5aadaa476,
5ab02c27d,
5ac32c84c,
5ad245108,
5adf372b9,
5adf91d1b,
5ae14417f,
5ae410206,
5ae6fcc3c,
5b0cbf346,
5b0e19de3,
5b10b1e61,
5b122cc22,
5b14ec479,
5b15d9e30,
5b1d076b2,
5b3475e11,
5b3e96840,
5b3eb27e1,
5b3fb3a1a,
5b4026ffe,
5b4074f92,
5b615e133,
5b6a79eef,
5b6be2728,
5b7145fd7,
5b7871232,
5b7ebebcf,
5b81f6d47,
5b8a21b44,
5b9086b94,
5b94101fa,
5b95cc3a2,
5b9904bc2,
5b9e73085,
5ba412a90,
5bb4aa235,
5bbc855a5,
5bbd60669,
5bc526317,
5bca34b3c,
5bd485ddd,
5bd8aeb82,
5bddf93b2,
5be5ead6d,
5be5f729d,
5be9a00ca,
5beb8e1e3,
5bec08029,
5bf1cf0ea,
5bf34b08e,
5c1f1b37b,
5c30f371f,
5c5b9f92b,
5c72a72b1,
5c7713b7a,
5c80f5a4f,
5c83fa563,
5c8825616,
5c9910238,
5ca4c6c45,
5ca882fd8,
5caccccec,
5caf96c72,
5cb99edc0,
5cbb32599,
5cbc4f2c1,
5cbc51669,
5cc1c3c22,
5ccee0125,
5cdd14b8a,
5cde464c6,
5cef1993d,
5cf106611,
5cfcf96f0,
5cfed5b9e,
5d04c858a,
5d08ed3d5,
5d0a1e483,
5d0e62c9f,
5d17050e9,
5d1b41a6e,
5d45f9dc8,
5d545dfb2,
5d5f535be,
5d6010635,
5d6206ae6,
5d6959b36,
5d73d6c8b,
5d775f289,
5d7ea6d7b,
5d96e5df7,
5da3fbe2d,
5db4c4cf6,
5db873be1,
5db9599fb,
5dbf75518,
5dc1bab81,
5dfee6ee4,
5e0075954,
5e0222f59,
5e091f27a,
5e0a382cc,
5e12c0d48,
5e1951199,
5e208f096,
5e2305d9d,
5e26f7e6d,
5e3af7e44,
5e3daab81,
5e46e9d4d,
5e471f05e,
5e4a83024,
5e5cf21ef,
5e5f8bdab,
5e6357228,
5e64fa570,
5e6efcc1e,
5e8152a5a,
5e822857a,
5e8efe85e,
5e8f1cf36,
5e917068b,
5e99d3f51,
5ea80e86d,
5eb61b3bb,
5ec5885ed,
5ec7be78d,
5ed825670,
5ed8ebc8d,
5efe03d25,
5f0136e53,
5f083f4f2,
5f107c355,
5f1b69691,
5f2c20e05,
5f2c68ef7,
5f3945fb9,
5f3b31df3,
5f4176064,
5f4a8322b,
5f54c0f88,
5f788a5ba,
5f841825e,
5f888f48b,
5f90f5bc9,
5f92b4ecd,
5f92b77cb,
5f99503fd,
5f9a1ef53,
5f9bb7896,
5fa641241,
5faac0b36,
5fb820052,
5fbc226f5,
5fcac700f,
5fd1df20e,
5fd6b2eaa,
5fd99a250,
5fdf6fe75,
5ffa7a8f4,
5ffc75014,
5ffd1f11a,
60043d341,
600aef6fb,
6013a1d8d,
6016f4986,
60380ce6d,
603dbb7b9,
6043072b1,
605dc3c95,
6067e8392,
6068075b4,
606e88656,
607ad337f,
608c2d607,
609fcf20d,
60ae94168,
60b3b00fc,
60b86e780,
60be31bb7,
60d090b4b,
60d6daad7,
60dfbe3e0,
60e18e479,
60f5a8b3c,
60f629c90,
60f918ba7,
60f968df4,
60f99c5f7,
6102d7e3b,
610bba5f3,
61121aed4,
61183e510,
611b863fd,
612200ec4,
612e3af5b,
615e4bcf6,
615f76e28,
616339a77,
61682b309,
617d3ddcc,
6189496aa,
619079115,
61a2328d8,
61a8fc17b,
61aaffb6c,
61b3bbc10,
61b9d669e,
61bd27335,
61c12794a,
61d010b38,
61de39fc7,
61df70167,
61ed2a360,
61eeadcd7,
6200de88e,
6202583cc,
620540563,
620949a9f,
620da5638,
620f8642a,
621551022,
621b2b9aa,
622343031,
62391e30d,
6250e9d49,
6251f198c,
6278741d6,
628227e65,
628f43ef0,
629be6ad6,
62a84550f,
62abe21c8,
62c40560b,
62ce06428,
62cfb77e6,
62d1f6236,
62d4f4071,
62dc61c11,
62dec9af6,
62df2deeb,
62e469f67,
62e8937dd,
62ea142db,
62f43b67e,
630947637,
630d8cc86,
63112aabe,
63118e3eb,
631572d5d,
6318281ab,
63221496a,
632870895,
632fcc5cd,
633040e62,
633073e9f,
6339fbe37,
633be2702,
633d58166,
634543900,
6348cf33f,
634a9528f,
63518bd39,
635d6f8d0,
63693f006,
63695c287,
637597a18,
6376a0e77,
639280bc5,
639e5d8f7,
63a45536e,
63b51b240,
63bba3b57,
63bd7e7de,
63ce8d695,
63dd001a3,
63e28a552,
63e60b3de,
63e85432c,
63edc2e4f,
63efbc48d,
63efe2c16,
63f24461a,
63f3e677a,
63fc32a9c,
63fec2f3c,
640bf9d0b,
6410f814c,
6411d985c,
64123dd50,
641a81e4f,
643078166,
64396282e,
644678f36,
64485a3e8,
644c796f6,
645a971ab,
645b81805,
645e3baee,
6476a1e0c,
6478d9d02,
647c24ade,
64823b235,
6486e75d9,
649652bbd,
649aef9b2,
64a563381,
64b01b79c,
64b4b4e4f,
64b4f83b6,
64b717c8c,
64b7cc926,
64b8fa1fa,
64bf3b4cc,
64c063352,
64c4c954f,
64c71b1ec,
64c8b57c7,
64d47bf46,
64f1ccdd6,
64fe1ff9b,
6509ebfa6,
651438397,
6514c91ab,
651668d15,
651b49cae,
651de73fa,
65289fa27,
652ae810d,
652d95ccb,
6534f9830,
653e6c588,
6557a3d09,
657ae82b3,
657ebf705,
65843b359,
659080294,
659945133,
659b5ec08,
65c0a1a9e,
65d20f12d,
65d6637fc,
65dacb72d,
65db258ff,
65dbc156d,
65e08a2d1,
65e192431,
65e78b1d2,
65ecd6bc8,
65ee7e860,
65f135f65,
65fd1c90a,
661070292,
6616cc0b1,
662a119fa,
662a1534c,
662a81bc5,
66537696c,
6656805d1,
6666e605d,
66800da0a,
6692bbe2e,
669943140,
66a2db506,
66a3b8fed,
66a417661,
66ab4bb24,
66b4132ff,
66c872129,
66e20bdbc,
66e40959c,
66e8e9006,
66ef001e4,
66ef6f7d9,
66f1551b3,
66f7bc537,
66fdf2fd1,
6707865af,
670922917,
67143c8e0,
67161a0be,
6716ed28f,
671b754f3,
6721ef0a5,
673176e7e,
6735074ac,
6735732ce,
674979b28,
6753d332c,
675c556d5,
675f5c2a4,
675f9092d,
6769a3a08,
6778861c5,
6782cffb8,
67847e6a1,
6787293dd,
678a7b752,
679aaf77b,
67a52f3b1,
67abf571f,
67acab638,
67acadddd,
67ae954d7,
67c3d1591,
67c98515f,
67d787e3d,
67da05340,
67dbd3a9c,
67e294a77,
67e2ccbad,
67e50be9b,
67eb234bd,
67eb4b673,
67f9881ff,
680028f42,
6809789ee,
681760582,
6820f720e,
683655c42,
6837b09d7,
6844b106f,
684e4a58f,
68541d8e1,
6862e262c,
6867a1b22,
686fc9d93,
6873f1e44,
6875ac642,
687891898,
687e43e98,
687fa0de7,
688728741,
688c7ad76,
6893b1185,
68a3fdbc8,
68b925326,
68cc06e00,
68cd0260c,
68cfdceb2,
68d4ddb0c,
68d6e5e02,
68de06b3d,
68ebd9148,
68f2f9495,
68faa4012,
690657883,
69196efc5,
6922aa282,
6935b0e61,
693aba261,
694c5ab3e,
6957f75ce,
695f8ab86,
69671b6f6,
6969de2b9,
6974be54d,
698567d90,
6986b8a8f,
698b3dcc6,
69ad5230b,
69b1c7990,
69b51d7fc,
69ba2575c,
69c1999ab,
69cd4a531,
69cfe81df,
69d063d5a,
69ddb474d,
69e777b7a,
69ee18b6f,
69f5bf408,
6a01dcdc8,
6a061899c,
6a1b65589,
6a43ae845,
6a43f50b4,
6a521d8e4,
6a662385d,
6a666d9f8,
6a6d92e2f,
6a6f34cda,
6a75377aa,
6a8e47f9b,
6a99766ca,
6aa026568,
6aa336c2a,
6aa93b740,
6ac408a39,
6ac9dbc0c,
6adba60a1,
6ae2b0658,
6aee6b33a,
6af476877,
6b014dd4a,
6b09fd7f1,
6b260c08e,
6b26574b0,
6b28cdfda,
6b2a5b273,
6b2e67795,
6b370102a,
6b3726b74,
6b4107dfd,
6b43387f8,
6b453996c,
6b56645ec,
6b5dac07e,
6b5e0265a,
6b5f4dd56,
6b610a30e,
6b65bd089,
6b6662b1c,
6b6664192,
6b6af852b,
6b6faf1da,
6b7099148,
6b70d57a0,
6b7286283,
6b77c1aa8,
6b790a4e4,
6b8655c14,
6b9d5f149,
6b9dd6c7d,
6ba4c8187,
6ba5fe152,
6baa419f6,
6badd78f9,
6bb27977f,
6bc2b4701,
6bccc0fc3,
6bd055e60,
6bd915dd1,
6be0f7745,
6be9fd24d,
6beda7b14,
6bfe9a54d,
6c008371d,
6c0384d79,
6c0d667e9,
6c142a44b,
6c14a4f3f,
6c1520ed1,
6c1b877e7,
6c1c1c800,
6c2c6a221,
6c2cbe48b,
6c2f5c42c,
6c3322811,
6c3c3e3b4,
6c467cdb9,
6c4dcae45,
6c5636516,
6c63f9689,
6c67eca6a,
6c69f3040,
6c6aaa322,
6c7032492,
6c731decb,
6c735c1e4,
6c76bef38,
6c896d0b1,
6c917cdf3,
6c970ec3b,
6c9d55903,
6ca92cd21,
6cab81838,
6cc3464b9,
6cd0f8d8f,
6cd113177,
6cd434e55,
6cd8f6667,
6cdd59f48,
6cddeefa3,
6ce10eda2,
6ce2067ee,
6cf25a87a,
6cf384cb7,
6cf3df10c,
6cf7655b3,
6cf7c234a,
6d0523bb7,
6d09fc3e6,
6d16d5a37,
6d1745757,
6d18675d8,
6d1fb7c4b,
6d24da6f2,
6d2536e96,
6d549f7cf,
6d6b2484a,
6d6c10816,
6d7240578,
6d7d7ae6e,
6d865319b,
6d89157b0,
6d952cdad,
6da56e751,
6dae7c00b,
6dc8bd00d,
6dca96e64,
6dccc5fe9,
6dcd37cd4,
6dd6c59a9,
6de696584,
6deba4683,
6df848035,
6dfdf8d53,
6dffbd0ac,
6dffcfa5a,
6e0f6b2a2,
6e191b5f0,
6e1b8f55f,
6e2aeb4ee,
6e4e39262,
6e54b46f7,
6e63e80b4,
6e705e9cd,
6e95a0595,
6ea0d9fee,
6eadd7c48,
6eb52f9cd,
6eb904b84,
6ebe3b905,
6ec448e76,
6ec60dc8f,
6eccf1ce4,
6ed914544,
6ee0d4fda,
6ef6d4e6a,
6ef79f3e4,
6efce41ba,
6f09724fa,
6f0fb118f,
6f1bcb596,
6f220d666,
6f2591f02,
6f25dc1bb,
6f29894cc,
6f307fe39,
6f35cd4d0,
6f3a4aee9,
6f451c46f,
6f4c606a9,
6f6fed013,
6f737e407,
6f83cd1fa,
6f9e84387,
6fb096f56,
6fb734cec,
6fbb6b7fc,
6fcf459b9,
6fd04a0f5,
6fdc79b08,
6fe508061,
6fe5190ea,
6fee2a88b,
6feef7863,
6ff66538e,
70092488d,
7013e82bb,
70165ef2c,
70272cb11,
703261368,
70456fce4,
7047ab955,
70499828b,
70550b3be,
705c5bc2d,
706a0f60b,
707d3e4e0,
70826f70a,
708efbf53,
7091feb54,
7093259f2,
709f52e60,
70a499ca5,
70a611cbb,
70a9bab8e,
70adb25c7,
70b06ea2a,
70c4eeee1,
70c5c19d6,
70cac7caa,
70cfb4d28,
70e85bd49,
70ea57442,
70ed4a135,
70f64fa99,
71051c674,
7116cf0d4,
711f82733,
71206503f,
712a1e583,
712f65035,
71372e327,
71391cf61,
713f4c97d,
714205fe5,
714219e79,
7147c694b,
715201021,
715277fd9,
715650f05,
71574ea19,
715865bc1,
716106419,
716252ec4,
7162fc04d,
716eab906,
71708cf80,
7177b808e,
717a43e38,
717b9b3b9,
717d23e9b,
718c94cf6,
7191e8a17,
719587d2a,
71a479800,
71a4a65f4,
71a50e8b7,
71a5bc0c1,
71b40b311,
71be20808,
71d065e82,
71d1009d1,
71d4a0af8,
71e07147b,
71e077b1d,
71e9a45de,
71ec4ad6e,
720ed3ddf,
720ed4c62,
7211bd2ec,
721c18442,
721c7dd6d,
721ef9c53,
7222f7670,
7263de4c2,
7265d9605,
72698cf9c,
7269e390b,
72785f19b,
727b87c65,
728031961,
72860083f,
728fa2106,
72a15bfe4,
72a8c8461,
72c4060d6,
72c6f1461,
72d2f038a,
72d391e21,
72e147eec,
72e4e8372,
72e6c68f0,
72ea9324f,
72ed40342,
72ef8362b,
72fdeb749,
730c27eae,
730dde363,
7319a31d6,
7326c0e26,
73281d4ef,
7335f79ff,
733c90187,
7341591b0,
73442d421,
734a1e366,
73583d0b3,
735c8b929,
736006c0c,
736a9e35b,
737da1483,
737fb1041,
738edcffb,
739183a34,
73a8869c4,
73aa35816,
73b4f9d18,
73d5e4fc4,
73e8a3d5c,
73ec484a3,
73f57b9b4,
7403ac8d2,
740a0b529,
741b6a3a3,
741b7d17e,
742727f17,
743d7fcb5,
74429a1b4,
7450c1933,
745164304,
7456ed1d3,
745ad3f49,
7461f3824,
7469e30e0,
747c6ce91,
748073160,
748390ed4,
7485c3a1f,
749aa69a2,
749d5249c,
74a95f58f,
74aa47ff0,
74be46da6,
74c07b98d,
74cc22661,
74ceb8f24,
74d097984,
74d15f437,
74d37afa9,
74d8c980a,
74e1374ae,
74e2f0dfb,
74ee10957,
74f2e3030,
74f886516,
75103b9d5,
75189b0d0,
75232ce95,
752b5cf52,
7537c3e7f,
7537e2e34,
754205225,
7543d0232,
754bb0ea6,
755d947a2,
757669e7a,
75867a058,
758f62e98,
75a62a336,
75ac44aff,
75c129869,
75c59771c,
75e46ea6a,
75efcbc52,
75f017df3,
75f8b8fdb,
75fd454b9,
75ffb01e6,
76017e7bc,
76072b4d2,
760d310e8,
7614a853b,
7616fba30,
76211d011,
76263f48b,
763e05e1a,
7642688f4,
7646d8448,
7649b43c2,
7655b2d3c,
765622664,
765e3f5f3,
766031dfc,
766a4ef99,
7672d70fa,
769465cc3,
76950a5f6,
76a07296a,
76a0a0217,
76b4719fa,
76b4c1111,
76b6570c9,
76b85bf3c,
76c15a60c,
76c2e050b,
76c46fd00,
76c4ba0b5,
76c597c4b,
76c9c4b2e,
76d55381a,
76d7375c1,
76d91af44,
76e40fc8a,
76eafd128,
76efd327c,
76f974604,
7709efcd0,
7709f0194,
7715b67f2,
771a7035d,
771c928a7,
771cefbf0,
771e0fa75,
771f29ac3,
77292f54c,
772da3041,
772ea90d5,
77307fab2,
7737f6310,
773e097c8,
7748ad707,
774a7fe5a,
774d8a2fd,
775e86aa9,
7766c0d33,
77677ee44,
776e6c210,
776fd49a0,
776ff89e6,
777cd3662,
7787ab7a4,
77884a0ef,
7789757be,
779026546,
779460a31,
77996d3e2,
779f7cdd7,
77aa4fc17,
77acc14d9,
77b103fa8,
77b935506,
77be85193,
77c3a6877,
77ca30e47,
77ce46f4e,
77d1b8329,
77d5389f6,
77f01fff7,
77f360840,
77f76f421,
78059037c,
780936b0d,
781ede24b,
78409c50a,
7842f496c,
784b862d8,
784cef59b,
785001f55,
785011ce6,
7852be2b6,
7857f21a0,
7874e9b4d,
788317539,
7883b65fe,
7885ee2b5,
78954aa0d,
78a297c91,
78a3facc4,
78a4aff1c,
78b11375f,
78b336f53,
78c328627,
78d02a1f7,
78d4c5067,
78df60286,
78ec12593,
78f108fe4,
78f2a09b1,
78f702011,
78f842893,
791110136,
791e7dd68,
7921a1a90,
792207188,
7926c1ec8,
792b1bf43,
793165386,
793331c18,
79383aa9b,
793bc5ca2,
793c2bc40,
793fe9597,
7947f4175,
7949021f4,
794d0de83,
795c15c48,
795eb4ba6,
7966a54cb,
7966d0b48,
796ec54df,
7971e3fa2,
79823e481,
7982939f2,
79856d068,
79890cb30,
798bf8dd7,
798e80e8e,
79a0e8448,
79a6ed8b2,
79aceaa0a,
79ba6d3f3,
79c168d2d,
79c3fe4ed,
79c8d6cee,
79ce96d94,
79e1bdb24,
7a01136be,
7a0ce2819,
7a0f1309d,
7a15b06fd,
7a1668972,
7a182fdc0,
7a1df26a3,
7a1eb66cd,
7a1fb9d0e,
7a27ba863,
7a2e4bbb4,
7a356ca1f,
7a35ff7f4,
7a3c0852e,
7a424e892,
7a4c3b959,
7a54d3618,
7a661d0f3,
7a6d26f17,
7a7b340b1,
7a7c1f286,
7a7f1a9c1,
7a83e2347,
7a87404c3,
7a88a3a60,
7a8b3556c,
7a9421439,
7a9525929,
7aa1e9d5b,
7aa226205,
7aa4dc684,
7aa4e80c6,
7aa52e5e8,
7aa550f04,
7aa7d8df5,
7ab871305,
7aced34e4,
7acf89b5b,
7ad178e67,
7ad6a95c1,
7ae27a5fe,
7ae78f531,
7aeb29464,
7aeba7d7f,
7af870bde,
7afaba6f5,
7afb570bd,
7afebcc9a,
7b071e797,
7b0c5262b,
7b0d5535b,
7b1f9f4a4,
7b2267b54,
7b23fc465,
7b259981d,
7b25b6651,
7b3993866,
7b450229a,
7b521bf91,
7b6abc048,
7b715fcf3,
7b7752e46,
7b794116c,
7b7996c11,
7b831188d,
7b87d18e8,
7b962d4ad,
7ba11f55f,
7ba5f4e8a,
7ba661314,
7ba95e527,
7bada3217,
7bb10096b,
7bc035acd,
7bf0ba9a0,
7bf732340,
7bffc2b23,
7c00d02b5,
7c085797d,
7c17eafa3,
7c1ccebcf,
7c1ea17c3,
7c2477bf1,
7c251f371,
7c31591f0,
7c350fd0c,
7c37fb90d,
7c654565d,
7c693df38,
7c6c32a34,
7c75674d6,
7c7c36a28,
7c7d5b29c,
7ca256091,
7cab05e6d,
7cadc4349,
7cb6ece69,
7cb7b7143,
7cba560ad,
7cc611577,
7ccd91381,
7cd1105e9,
7cdc4b9ba,
7ce9074dd,
7d0812fa0,
7d0d2bf9c,
7d1c13d91,
7d22e9792,
7d22fc6b7,
7d23c9ff6,
7d31bc489,
7d324b593,
7d34bbc23,
7d414dc78,
7d44b24b2,
7d45d5645,
7d5628d86,
7d5939255,
7d620847c,
7d678b308,
7d6c7c107,
7d7388ea7,
7d788c3a9,
7d845ca04,
7d8c33046,
7d9474827,
7d996c6d8,
7da21f1d1,
7db06397e,
7dbb77a80,
7dc03113e,
7dc384535,
7dc603648,
7dcc0db77,
7dce7e144,
7dd7aa3f7,
7df2eb590,
7df2fcdb2,
7df4561ea,
7dfa4d9c0,
7dffe6810,
7e1ea13d6,
7e1f7ec61,
7e2cbf789,
7e2fcf2b4,
7e3d99339,
7e3e5bc2e,
7e4acef51,
7e5c3c892,
7e6164043,
7e6332d12,
7e7192783,
7e8a33986,
7e91905a1,
7e9bf36cd,
7e9cd6068,
7ea2c326b,
7eb8c68e3,
7ebd5f152,
7ec6bcafe,
7ed157ce5,
7ee0a00f8,
7ef7740cd,
7f052e39f,
7f0a247fb,
7f105fb61,
7f1542d44,
7f187ea52,
7f18dcb24,
7f1afdde2,
7f343a951,
7f36dfaf2,
7f37976f2,
7f49e91e5,
7f4efc957,
7f5423528,
7f576aee1,
7f759d739,
7f8043988,
7f8643aad,
7f8b71609,
7fa2c724f,
7fa8cd69f,
7fa9850a6,
7fb10db82,
7fb749b67,
7fc00d793,
7fdb8d403,
7fe0e3e9e,
7fe9ed9ad,
7fee4b274,
7ff43b278,
8008b5751,
801e3ddf6,
801fca334,
802a73e1b,
8035d2302,
803bb716c,
803d2da69,
804212e57,
804df5390,
805264555,
805757562,
805e7ff52,
806772b65,
807f44b47,
808cd5722,
8095b85e0,
809c83efb,
809de329a,
80a31bb09,
80a81b7f6,
80b0e4c16,
80b695868,
80c9d62f7,
80ce2df12,
80cead8a6,
80d5fe8db,
80df55d44,
80f404393,
80f7a5168,
80fd690b4,
810721d35,
8112386c8,
8112640d2,
8112b0abf,
811b9bcf4,
81213ec32,
81373b644,
815315863,
8177a9378,
817a3f83c,
817e726d6,
818a4f930,
818a9c894,
818dbb0f0,
818f3c4ae,
8193261f4,
81a026317,
81bcde8e5,
81bf32ed7,
81c154488,
81c2c1604,
81c8ae37f,
81d41d782,
81d69558d,
81d8933f5,
81d93c6fa,
81e4f4db9,
81ed35f3d,
81f27181c,
81fa9a455,
81fd533ac,
820fdbc52,
821565df8,
82160e695,
822524505,
823497d69,
823dc1b72,
8241007a5,
8252846ec,
8255fd594,
826df3da8,
827220bb8,
82991740d,
82a36751e,
82b2619c5,
82b499e65,
82c494687,
82d25d2a7,
82d75e9ec,
82d846e01,
82d8a540c,
82d972c46,
82da541dd,
82dd82c44,
82e71c9d3,
82e8dcd17,
82ebf844f,
82f67781b,
82f9ad7d4,
82ff711fd,
8300f4263,
8318a70b0,
831a6d182,
831a83f82,
8322894d8,
8331efdb0,
8336f0197,
833c60569,
833e3ed37,
834c41119,
83527b91c,
83545332a,
835533cf3,
835e95505,
8365381ee,
8365f6ec9,
83684c02b,
837ae4008,
837b9a2ae,
837ed1419,
83858c4b5,
83873a300,
838ca3d9e,
838eb629a,
839234964,
8392f9a84,
83a14d79b,
83a353bbf,
83ad08608,
83b603eef,
83c596467,
83c85ca25,
83cbaa715,
83cdba9e6,
83d02766a,
83da0ed1c,
83f27b294,
840613a39,
84112192d,
8411b838d,
8427d908e,
84310f88d,
844c406db,
8455fa076,
845f3a248,
846259c61,
8462b5df2,
8462ccadf,
846b07396,
84838fab4,
8485c991b,
848a5eeac,
849cbfcbf,
84a7327bc,
84ada0fa2,
84ba1fe25,
84c37d84f,
84c38e03d,
84df9ca78,
84e0fe9f8,
84e1b9723,
84ed19a7d,
850d3f049,
851253108,
851434b4d,
85155d95d,
851d75528,
8522aac20,
85282bd14,
8533ec8ae,
8537d2f36,
853c1017b,
854719056,
854e3c328,
855ae9367,
856831ddf,
8572ef769,
85769eb53,
857d88ab9,
8580adf40,
8582e77ec,
8592782c1,
8597a0b5c,
85991fd03,
859e25b24,
859ef420a,
85b0aa5a7,
85bdca6d4,
85c4c3dbc,
85c93b4bb,
85ddb2ec7,
85e04485c,
85e29a995,
85e31144d,
85fc4088e,
8603bf1e2,
860cde045,
861240b40,
861b18ec8,
861b2119e,
8620acfb9,
86268d2b1,
863b21c7c,
864efa455,
86531152e,
865419e75,
8656edb05,
865a55915,
866dc089f,
8671d3bb6,
867293db6,
867316d68,
867585450,
8680d19f8,
86840726c,
8687024ef,
868a8f36d,
869652275,
86a5750f4,
86bdae343,
86d150074,
86d58d472,
86e14db15,
86e1ab847,
86e7f10f0,
8707988b8,
87136e3c4,
8719e79f6,
872063780,
87221d7bf,
8723990fd,
87255ec2a,
872e275ed,
8731d2e8b,
87323627a,
873ee80a7,
8743a5e17,
874be92c1,
876112349,
8771acf9e,
877665616,
877c93321,
8783f9bac,
879e8eb37,
87b29fe6d,
87c1d57ad,
87c9ffc42,
87cfb1a47,
87d238fdb,
87ee595d8,
87f8d03f1,
8800b0c41,
8803507c9,
88082fe64,
8808e27fc,
8808e89a8,
880a673ca,
8819b17cd,
8819b75c6,
881ee1435,
881f43c4b,
882ba3c61,
8830bb337,
8838ff606,
884417e8e,
884585e06,
88521a31c,
8855ce27e,
8856c6d2f,
88609c6a9,
8860eb88f,
886d3e267,
88811f2f8,
8885c9576,
88a4d751c,
88a54ff67,
88b155c1f,
88b41ef3e,
88bffad32,
88d3cf90a,
88d693a0d,
88e3a7747,
88ec93a19,
88f77b5f7,
88fa3a5c2,
8906b1222,
8907232ed,
891aa89ec,
891f10665,
89249cc9d,
89268362f,
892739590,
8930668af,
8935511c9,
893c2d532,
893d79cd3,
8942aeded,
894a5a054,
894ea9078,
895b27680,
896364412,
896560f55,
89678c304,
896d48196,
8972c5591,
8973d6275,
897d945ce,
898a01517,
8992e892e,
89942189f,
899971a4f,
899f60a37,
89b673755,
89bf85329,
89c0993ed,
89c57c0f5,
89ca5c557,
89d854e3f,
89e3f86e2,
89e7f1cf2,
89e81e8f9,
89f6e86f9,
8a016c962,
8a1634f82,
8a1656e18,
8a1908694,
8a19fecc5,
8a2926148,
8a2c9307f,
8a2ef665e,
8a332086d,
8a36c8a52,
8a4830756,
8a627448a,
8a745d12c,
8a81a960a,
8a8ddde64,
8a8e9662f,
8a9f2a957,
8aa5137a5,
8ab37ea2e,
8ab48304e,
8acb8a9b9,
8adf289bb,
8aea32af7,
8b009f513,
8b1732e4c,
8b17c9858,
8b180f74f,
8b1a26779,
8b1ea43ce,
8b2ec6480,
8b3a4ed6d,
8b3a512f1,
8b4232660,
8b48760a4,
8b5fc90f1,
8b652c451,
8b681414f,
8b7fffaa3,
8b83d148e,
8b8e077a7,
8b9c9662e,
8ba318040,
8bb25b1be,
8bca50d0e,
8bd8b8dd4,
8bea7e369,
8bf1ff347,
8bfb5c3fe,
8bfd1e5c2,
8c03bd533,
8c03cf2b2,
8c0471631,
8c07f0cf5,
8c0e4381a,
8c103dd7d,
8c1bd79de,
8c1f2aa5b,
8c3a53e9e,
8c4642358,
8c4e3bf71,
8c5b1ebf0,
8c722d417,
8c7d6c68a,
8c8ff36da,
8cb0911a8,
8cbb41a6c,
8cdab6dfb,
8cdb35288,
8cdef8adf,
8cdf14ee2,
8ce510886,
8ce679641,
8ce8e2956,
8d0873458,
8d0aada2a,
8d1a8e764,
8d2615fbe,
8d2a5ff3d,
8d2c84481,
8d38536ee,
8d3bb84de,
8d3c25279,
8d4580608,
8d46fb597,
8d6320873,
8d73a664a,
8d8b52258,
8d9537005,
8d98cf9dc,
8d9dfca3b,
8da0b262c,
8da264074,
8daec6e77,
8daf59cf1,
8db742136,
8dd4cebf9,
8de46bd52,
8de49fd70,
8de6e7187,
8df272422,
8df38cb58,
8df6215c2,
8df66438c,
8dfd4f0ed,
8e15670f2,
8e1b55c92,
8e1cd6f31,
8e1f4f90b,
8e43a1c6b,
8e4a4df45,
8e4c4f557,
8e517998f,
8e51d8739,
8e6048ed6,
8e680472a,
8e6d1cfcf,
8e6fe55d1,
8e7a9c60e,
8e7b2bea5,
8e863878d,
8e914d6fd,
8e9e3c11e,
8ea54c65f,
8eab9b23f,
8eb077696,
8ec0ce420,
8ec4844d6,
8ec5671f4,
8eca26321,
8ecd94398,
8ed1cb2ed,
8ed5b8d0e,
8ed942875,
8ed966672,
8edd10d8c,
8ef7a560f,
8efd37c77,
8f03d2cd8,
8f09b4224,
8f0d3c49c,
8f0e6868e,
8f1dbc5a6,
8f2cb3af6,
8f314f81f,
8f3484bd4,
8f41cb705,
8f5055bf9,
8f55ef80e,
8f638f265,
8f7ee3326,
8f81897d3,
8f818f999,
8f84d5575,
8f8dc0b77,
8f9c7866e,
8f9ce0242,
8f9dbc72b,
8fa27bd41,
8faa13fb0,
8fae801f7,
8fc7a4964,
8fd7a2c2f,
8fda334fb,
8fda397e2,
8fea9a7cb,
8ff70551e,
9008941cd,
9015230f3,
901fde144,
902254612,
902361091,
902a6d745,
902c9a081,
9030f1b71,
903553730,
9040cca80,
9044f0eed,
9048ae8d0,
904c8b75c,
905273643,
906159235,
90664bfd2,
9067a6860,
9067c1982,
9072f057a,
907a93301,
907c302e8,
907ce79d9,
9083d07a7,
908d06ba1,
908f5d503,
90926257a,
9099d3f8b,
90a9811c1,
90ab544bf,
90af4d6fc,
90af596c1,
90b5b4a0e,
90d376f20,
90d7ac15f,
90df4f361,
90df9e159,
90e2b5216,
90e69ebbc,
90fa04048,
90fa0f316,
910165832,
9106b20af,
9123fb0c9,
912a208f9,
91342c709,
9135818e2,
913c90004,
914356fa7,
9145337f5,
914b6a6c3,
91579a6f6,
915d944f2,
9167d334d,
916e7034f,
917ce8a72,
91811fc2f,
9183b4eb4,
9186fe6d5,
9193be232,
9199c8003,
91a3ace97,
91aec4b57,
91b6b60bc,
91c512406,
91cfe7c9b,
91d35ca0e,
91d784fa1,
91d98c82d,
91f5da4b2,
91f7fed7f,
91f88af94,
91fdd5277,
92078b659,
920bab318,
921c347c5,
92274a023,
922b05e56,
922b1a6cb,
922b84945,
9232bba59,
9242d150b,
92468e6bd,
9253e8c57,
925f9892c,
927dfd49a,
92810c1de,
9283d6806,
92845e015,
928494b23,
92873955b,
928c56d66,
928d8bacc,
92a1d4dc5,
92a494188,
92bc306ef,
930716728,
9308eab82,
9310c89da,
93143054e,
9316bf46e,
93178d849,
932135803,
9321b08d8,
9326252a8,
93364a2e2,
933a0ec85,
9347e1e55,
934c3461f,
935182df4,
935b2c57e,
935d1e5e5,
936fbeded,
938609e6c,
9389e6dfa,
93a094e5e,
93a175842,
93a30a56c,
93a57f6db,
93a78034b,
93b4a856b,
93bf5d6ab,
93c5dd0ef,
93c89266a,
93ce8a322,
93d353150,
93dd663b6,
93de6cadc,
93e150893,
93ec07f9e,
93f7c3c10,
93fa07b04,
93fa9f5a7,
9407612ab,
9411e7e46,
9420f7f76,
94260affe,
943027098,
9431fa2d4,
9438a2971,
943e50150,
944b70956,
946338a98,
946be86b1,
94817feb0,
948d4c7cc,
9492ca7ed,
94b6fe9cc,
94b949ea1,
94bdcdb5d,
94cf317d0,
94d6c0a34,
94e637664,
94facb16f,
95085435b,
951a80211,
95218d7d6,
952faaa96,
95382433f,
953e57bff,
9554a059f,
956b9c925,
957e1550e,
9592e3139,
9593f9add,
95980de10,
95a182f1f,
95b2b3d6c,
95ba369ac,
95bc246b1,
95edcced1,
95fe6b82b,
960b4734e,
960e5e821,
961624e88,
96264d064,
9641d8955,
964469025,
9647ec9dc,
964f27e0b,
964f404b6,
964fb20fe,
965e177ba,
965f4f039,
966dfe8bc,
967786a6d,
967a638d6,
96896679c,
968dec313,
969a0ae4b,
969d7bd68,
96a21dda8,
96a527a7d,
96a6bed78,
96acdbc61,
96ccac151,
96e2ffc3d,
96ebac43c,
97024ec2e,
97082fa5b,
970f7f7bd,
9713ac4cb,
9715d36c8,
9717b6d76,
971a1c000,
971ab3f18,
971f99468,
9722365d3,
9727a02cc,
9729be69d,
973422974,
97430c0dd,
974be5bee,
974c7298a,
974d7745b,
9756727f0,
975769e85,
977aec3bc,
97873b081,
979e8c909,
97a304e75,
97aa5140d,
97b158ced,
97bc60977,
97cc1dd42,
97d315feb,
97dd77612,
97e59c62c,
97ea3a330,
97feae0a8,
9800ae29a,
980783cf5,
98146467b,
9826433cf,
98280e172,
982edc27b,
983a9616f,
9841677b7,
984ae7ac4,
9850a4a15,
9854e5fa5,
986a4fe36,
9876487b0,
988284673,
988859746,
988bf1128,
98b1107e1,
98b8bf99d,
98bb93456,
98c6885e7,
98d5f56a4,
98d670e7d,
98d6ac833,
98fbdf59d,
990697274,
9908ca20f,
99109a5f2,
99111dca7,
991e713cd,
991ff4c10,
99233eb7f,
9928d90b7,
9951f9a1e,
996b2b55e,
997765329,
998336c2a,
99869107b,
9995ae0fa,
999b82083,
99a2a03c4,
99a8c8e67,
99aca7155,
99b1f29c4,
99b9e229d,
99be1c8a0,
99c756d60,
99c8b63f1,
99c9ff516,
99cc9b26c,
99d4bd03a,
99e1f7942,
99e6b703f,
9a0613fa6,
9a065f963,
9a0b2f084,
9a0e48c5c,
9a16c59da,
9a1b1f3a9,
9a1c3e894,
9a1f34301,
9a2742c2b,
9a27518bd,
9a2d8c482,
9a2e7e789,
9a36d1085,
9a3b3496a,
9a4228902,
9a4fd74ad,
9a50bd39a,
9a62f8e00,
9a65cbebe,
9a742a0f5,
9a90aa845,
9a917d66c,
9a977d4ec,
9ab3a5f2c,
9ab658614,
9ac7e9a59,
9ad88df97,
9af4daef7,
9afa68dbd,
9afb92e3d,
9b1b97642,
9b1c22a2f,
9b1f72970,
9b22c5058,
9b2b3ea7d,
9b2c1ab84,
9b35a438d,
9b3777766,
9b392f863,
9b3968afa,
9b4723cc8,
9b56180f0,
9b5b33610,
9b69431dc,
9b7e4e520,
9b85d7d69,
9b8de9d8e,
9b9a1706d,
9b9b59694,
9b9d80b0e,
9ba60e292,
9bab547f7,
9bad7f71d,
9bb46f5f5,
9bbaede68,
9bcc9625e,
9bd3ce1db,
9c02351ec,
9c02b193b,
9c060f0f4,
9c0646601,
9c0787b4e,
9c0b5f798,
9c0dc2268,
9c0f2e64a,
9c24d6422,
9c2616789,
9c27cf0d9,
9c3756198,
9c41d90f1,
9c4e624e6,
9c56689fe,
9c59d4cc1,
9c613ec41,
9c6ab6844,
9c6c67747,
9c816769d,
9c89749d1,
9c8f0b823,
9c906399a,
9cad3492d,
9cbbcd19a,
9cbc83425,
9cc2772cc,
9cc5854a0,
9cd227cba,
9cd2c5c8e,
9cd7fd16f,
9cdf2398a,
9ce189da7,
9ce518d8c,
9cec2e4fd,
9cf079ad5,
9cf869775,
9d0a35daf,
9d13239ac,
9d168c407,
9d184f55f,
9d21a726a,
9d2663372,
9d305d5ea,
9d340855d,
9d37c620d,
9d45e07b5,
9d483c112,
9d4e98c6c,
9d55afff3,
9d58201e6,
9d58f1b30,
9d5a0dbc1,
9d5af1c53,
9d5b53724,
9d6f3c0a3,
9d7676848,
9d7c1908d,
9d83175db,
9d8817a75,
9d9cb8896,
9da84303b,
9dae72ee1,
9db33d9c9,
9db53e6e7,
9db9d0b82,
9dbda5e24,
9dbfa9add,
9dd961992,
9dd9ba108,
9de0c187d,
9de1fd320,
9de3dfba7,
9deaf4c6e,
9df7b1007,
9df9f83d6,
9dfaeaced,
9e0e7b934,
9e1018bbb,
9e27df86d,
9e2f51576,
9e35bca73,
9e49c9fe4,
9e5143dd1,
9e5a554d8,
9e67fac09,
9e6bfb3d5,
9e81220c2,
9e864175f,
9e9a8b912,
9eab51af6,
9eb3333c3,
9eb61b28d,
9ec625a90,
9ec9e1247,
9ed006c87,
9edc6d068,
9ee0b3f1c,
9eea2df8b,
9eec9ea22,
9ef416d6a,
9f03d93cf,
9f1b0e62e,
9f1c1fd07,
9f1c8fe27,
9f37c3fde,
9f44ab758,
9f59dd7d2,
9f5acbd94,
9f635d10d,
9f735e5f6,
9f74d24a9,
9f764475e,
9f76d718d,
9f78818bc,
9f7da1680,
9f7e69689,
9f7f7d7dc,
9f815102f,
9f86dbaa9,
9f92f0357,
9fa070c7f,
9fcf2ec9e,
9fd01a505,
9fec7347f,
9fee497ae,
9fef9b65f,
9ff0f25bc,
9ff363450,
9ff50cc46,
9ff9f585b,
a00adfc84,
a00ca447c,
a01141a17,
a015abc2e,
a01663464,
a01711dbc,
a01bf499c,
a023af9ad,
a02b5a4a2,
a02d6e639,
a051f284d,
a0589c1a5,
a060197cf,
a066f83ab,
a06b8439a,
a06ce46d7,
a06dc47e0,
a084695d5,
a08a9e37f,
a09978951,
a0b23103c,
a0baaf253,
a0bb03131,
a0bb9739c,
a0bccf1c2,
a0c2740fd,
a0c991892,
a0d4b7ba7,
a0de51dbb,
a0e34369c,
a0e9925da,
a0eeec887,
a0faeb9a5,
a0fd2f3d2,
a0fd7af57,
a1082f259,
a11dc18fb,
a12046e5a,
a12b21258,
a13486580,
a13581e65,
a14506109,
a14607d23,
a14968ac7,
a149aabff,
a14ae73ca,
a14d46fd8,
a14f5d9d2,
a160ae521,
a16d6ca0f,
a16e26924,
a1722b207,
a176b5b8d,
a1789ee3e,
a17a4a0f1,
a17b5c14d,
a1859c0c5,
a18613f2c,
a18ae6248,
a18bc84df,
a19398875,
a1a81c23b,
a1b093860,
a1bebacd0,
a1bfa7845,
a1c2c7d36,
a1d59ad57,
a1d7d5544,
a1dd5e134,
a1f686b52,
a1f9b8e82,
a1ffa4bb8,
a20cf83b0,
a21423699,
a2177acd5,
a21f4a537,
a22464405,
a24728182,
a24f45ac5,
a251743b4,
a2756b16d,
a2790a278,
a282504a6,
a28426ded,
a287dc12a,
a2880d083,
a29bdbabe,
a2a0c2602,
a2a2a2cc7,
a2a31e0f5,
a2a379a91,
a2a70f1ce,
a2b850e29,
a2be28495,
a2d760a0e,
a2e0108b4,
a2e70f0a5,
a2e7ee5ac,
a2f07fb2f,
a2fa71e1f,
a2fb0e75c,
a2fc98f33,
a30849225,
a3087bf77,
a31155f4c,
a311d3074,
a318d22ab,
a32324d9d,
a32c60e09,
a3349d5b1,
a348866a2,
a35396da0,
a356ae34a,
a35a55fe3,
a36184bfc,
a36ccc38e,
a37410a98,
a37976612,
a3840a32c,
a396ffeb1,
a39989a12,
a39c6c786,
a3a2ce983,
a3a39d6b1,
a3a552829,
a3ab4b1c2,
a3abfcb6b,
a3ae51986,
a3bdb346f,
a3c8ceca7,
a3cb324f6,
a3d6312f3,
a3dcc7d50,
a3ef434b1,
a4040cbfe,
a40994738,
a409deaaf,
a411061c5,
a411ad130,
a4179cec7,
a417cade7,
a42b332d5,
a42f5bd64,
a43236ffa,
a438c6cfc,
a4426a709,
a448b8a13,
a467ac0a8,
a468baada,
a46b68ba2,
a470fd142,
a474bef22,
a47b29dad,
a47c5095a,
a486a92b9,
a48b5e743,
a4965bdb0,
a4a19ddde,
a4a2d840f,
a4a8bfa98,
a4ac534df,
a4bb9a505,
a4beb0e0c,
a4c9d13ea,
a4d7e244c,
a4dfd3dd7,
a4e96778b,
a4f3f37ea,
a4ff50f76,
a50dce606,
a51035b48,
a516aa9d6,
a51f3baba,
a51fce0ae,
a52412ed2,
a52e4a70a,
a533f8568,
a5377403a,
a545500eb,
a54aab9d3,
a564ef8fa,
a57000d38,
a5749060f,
a575fa7ac,
a57cdb4d5,
a57d3828d,
a58c4aa13,
a59ac2aff,
a5a9fd778,
a5c06769a,
a5c39d5fe,
a5c65d974,
a5d91339c,
a5eb0ec7b,
a61632a17,
a61b25ff0,
a61f16462,
a6246cb0c,
a629ea00e,
a62a84400,
a62f12b24,
a63234be2,
a63c07afa,
a63ea33be,
a64eb41f1,
a65537468,
a65a38ac5,
a65d0f84a,
a6628186a,
a666b93a9,
a66916645,
a66e0b36b,
a66f04f62,
a66f8b75a,
a672b11ae,
a6746998d,
a6778e303,
a67f981fd,
a68397973,
a6887cfd0,
a68c86c0e,
a68dfd2f6,
a68e22212,
a68f83f0d,
a69043f9c,
a690a1e17,
a6a8c4079,
a6afa9846,
a6b11d9c6,
a6d32f182,
a6e170170,
a70801af0,
a70f3867d,
a7155114d,
a733a9c7e,
a75bfa1ce,
a7619fd55,
a7667d301,
a768b6996,
a76a2f0a9,
a779183a6,
a77a4acba,
a77b99731,
a77da0f78,
a782dda69,
a78e0a4e6,
a792e2eb5,
a7a6015e0,
a7ae1b789,
a7b12149e,
a7b8073f4,
a7bc56969,
a7cac7ade,
a7d01f234,
a7d6d9e7e,
a7e50c6f5,
a7f3814ce,
a80309059,
a805bb3a0,
a808a7c59,
a81db730a,
a83309187,
a83d33283,
a83f93a32,
a8505f76d,
a8591701b,
a859f549f,
a85fc17f2,
a86566cfe,
a88bc56e3,
a8987963e,
a8993c301,
a8998e19f,
a8a2116f8,
a8aa4c66b,
a8aaa9755,
a8b362d98,
a8b820427,
a8b94f914,
a8c64106d,
a8d9df6b8,
a8e5e64f8,
a8e5ff47d,
a8f022eba,
a8fefe2a5,
a9026c944,
a90fa89e7,
a917730ef,
a91b62430,
a93def817,
a94b264b2,
a95639b35,
a95b2f658,
a968bbdb0,
a988ba7ad,
a9952664f,
a995810a3,
a99df011c,
a9a740d64,
a9b4113f2,
a9b85ac66,
a9badd7ee,
a9c064dac,
a9c362b17,
a9ca0a7b2,
a9cdeaea5,
a9d495532,
a9d5d34d0,
a9e0254a5,
a9e280d75,
aa097dffc,
aa182a0af,
aa1bd82ae,
aa1fa2d28,
aa2104f60,
aa272be8e,
aa2dbfd9c,
aa3240c9b,
aa3fa7664,
aa4b29b23,
aa4d5cb17,
aa56725a2,
aa5afef6c,
aa5c0254c,
aa5f5afdf,
aa6b261d0,
aa748722f,
aa7b7753e,
aa7d02bc5,
aa8853213,
aa9012b32,
aa96737fb,
aa96b3b06,
aaa0c2783,
aaa962d42,
aaaef2162,
aab12bd6f,
aab94bc44,
aabb2146f,
aac486093,
aac63f367,
aaca0194b,
aad2df2ca,
aad7542ec,
aadfcf36b,
aae2d6320,
aae696bd9,
aaebed8e4,
aaeec0efa,
aaeff1b1e,
aafeb4975,
aaff75e4d,
ab130f687,
ab1ab16f2,
ab26ca28c,
ab4cb7c27,
ab4fcdad1,
ab50b13c2,
ab66f8039,
ab6bc8ecd,
ab6e9d103,
ab837bae6,
ab9c70048,
aba0e2a06,
aba9c9b7e,
abb05d238,
abbaf5cf3,
abbc12722,
abbe7c13d,
abc84098f,
abcc88fdd,
abcd7c0d0,
abd3249d2,
abd339ec4,
abf643810,
abfaeb2af,
ac000cdec,
ac09ce75d,
ac1337358,
ac1ed8a60,
ac1f25c69,
ac2fb1528,
ac359ea71,
ac35f4943,
ac3775863,
ac37b97bc,
ac38f9fe6,
ac3e89fa8,
ac429c282,
ac45c7472,
ac511dd7b,
ac53d47ad,
ac5acc47f,
ac5c922c6,
ac68cfbec,
ac6a1b26a,
ac6cd398e,
ac71c0e25,
ac77c57e9,
ac87e419a,
ac88721bc,
ac8ba63aa,
ac8dabace,
ac8f5c78a,
ac945edae,
aca3d0983,
aca83c858,
acacf83de,
acb72ad2b,
acc44f090,
acc686f52,
acc728828,
accdb5882,
accf03906,
ace28a8a1,
acee06b24,
acf0efc1c,
acf8ccc40,
acff792ab,
ad04c855a,
ad0ca4433,
ad0f2b63d,
ad133a4d0,
ad16a18cc,
ad1ddc623,
ad2b53cb7,
ad427e6d0,
ad512f6fb,
ad53f4843,
ad59a319b,
ad5a0c329,
ad5ec5b3d,
ad6701fe5,
ad6df8380,
ad735a74e,
ad748627c,
ad7ab0d6e,
ad811541d,
ad8dda089,
ad8e7c6ac,
ad8e94e35,
ada5c0aee,
ada83a9e3,
adb16e47c,
adb5aaa45,
adb7313ec,
adba8aa1e,
adbad327a,
adc7f1815,
add699b0b,
adde87798,
ade0fe0d7,
ade39b4bd,
adefbdcc6,
adfa17647,
adfc7535c,
adfca14d7,
adfe196e0,
adfe706f5,
ae1c6cfdd,
ae1cadb38,
ae3104eeb,
ae389b6b1,
ae3d1ae01,
ae3f5109a,
ae415d535,
ae4a05c99,
ae4b2806e,
ae56822ff,
ae62f85b5,
ae79d8af0,
ae7a45ebf,
ae81bc292,
ae82fd195,
ae85334ca,
ae967aea1,
ae9ce4dbb,
aeabeeb81,
aeb84922d,
aeb9c33d0,
aec0f8f7b,
aec232245,
aec8fa16f,
aecf02f16,
aed4c06ab,
aed6194a9,
aed65ba8f,
aed97cb98,
aee0d611a,
aee2c5ba6,
aef20e185,
aef382a19,
aef497077,
aefe93abf,
af0650f97,
af12201f6,
af1c3875b,
af2175328,
af2669624,
af45e6e0c,
af475b6a2,
af672ea1d,
af82c811a,
af8e60fac,
af906837f,
af95ff165,
afafcc0e9,
afb6c2dd7,
afc86b7f5,
afd1ce959,
afd7c6d10,
afd871d6b,
afe882e7a,
afeaaa16d,
aff08fdff,
affad1af6,
b01581ebb,
b01e04d8e,
b01f9cdca,
b03873b49,
b047cd86b,
b05763da6,
b058f5ea2,
b0594fadf,
b06125bb3,
b068df581,
b06997ea7,
b070267ba,
b0729a828,
b0882b4f2,
b095f81d0,
b0990161d,
b09e425b3,
b0a02ddbf,
b0a5ccaad,
b0a8c782b,
b0b623f5f,
b0c3bfc1c,
b0c42e50e,
b0dcbccc5,
b0df82dbf,
b0e0579d2,
b0f663708,
b0f6afe69,
b0f94f27d,
b0fb2e369,
b1087a4bf,
b10baa605,
b11074153,
b11893b7d,
b11c350fd,
b120872e0,
b12a39a61,
b12b8ca8e,
b130acc30,
b13a7d03d,
b140e2dd6,
b145e3f97,
b15fbb5d3,
b16bfbcac,
b16cd27aa,
b176dfe31,
b183b5757,
b18e20578,
b196f3acc,
b19fde574,
b1a0d113a,
b1a270771,
b1a299b28,
b1a90a16b,
b1ab49f9f,
b1b3d8980,
b1bbbd450,
b1c678b4d,
b1ce28bbb,
b1d736e3c,
b1dc7ac9c,
b2000c06d,
b2104e3cd,
b21563fc9,
b21bf0ac4,
b21cd42a6,
b21dac14c,
b21f70e58,
b2314760f,
b2398cf5a,
b2458ba71,
b254c22b1,
b254ca5b6,
b267c820d,
b26a130f1,
b2751a841,
b27888d1f,
b2843e6dc,
b2933031f,
b29b5f761,
b2a1938d8,
b2b499d55,
b2c3bd2b6,
b2caa32bb,
b2ce491ac,
b2d18960f,
b2d904145,
b2ef1a68b,
b2f13d03c,
b300074c8,
b3033ac3a,
b32a993b6,
b32eff04b,
b332c2280,
b3339833f,
b33aa5026,
b33bf4784,
b33c50f62,
b33c5a1a9,
b33c84c79,
b34165256,
b345a9a3a,
b35676abc,
b35f8390f,
b3630e58f,
b383cdb39,
b386add6e,
b389cc418,
b38babd58,
b390b1096,
b39609bb2,
b39785778,
b3af859bf,
b3bb15de7,
b3bbdd727,
b3c6a59e3,
b3cb7ac78,
b3ce149ee,
b3d086b3e,
b3d95c16c,
b3dd5b820,
b3e00a24b,
b3edccfce,
b3f06a2d7,
b3fa01778,
b40653897,
b4082126b,
b40931da2,
b41a5683a,
b42e71f12,
b438e3028,
b43ba01f7,
b43dbc45e,
b441ab24d,
b4485aa0e,
b45473e75,
b4554a118,
b4688d485,
b48ada893,
b49efab84,
b4a31725d,
b4a4e67c9,
b4a7a3e7b,
b4a7bce48,
b4b09e499,
b4b25b983,
b4b67085d,
b4c3b41ac,
b4c3c8edf,
b4c72f14d,
b4c83960c,
b4cf93889,
b4d64c646,
b4d6dd273,
b4d9ae93a,
b4e9e0404,
b4f44895e,
b4fe02d09,
b506acd59,
b51b09e06,
b52301b67,
b52b9d567,
b530f8500,
b5365ed61,
b5367d365,
b54061880,
b540910eb,
b54eda3b4,
b553bd72e,
b5548dbdc,
b55d1039b,
b56af3a05,
b56b049cb,
b56cd92fa,
b5728ca06,
b5778e2d1,
b5885821b,
b58ff95a0,
b59027ac8,
b5a332c7e,
b5aa909c1,
b5ac297fa,
b5af39dbd,
b5b904a0a,
b5bc0a29e,
b5bf1b138,
b5d039440,
b5d36d882,
b5d711e10,
b5d96a94a,
b5daa152a,
b5dcde3b6,
b5e955c89,
b5f34c084,
b5f5d744a,
b5fb11a24,
b5fd076d5,
b602c27c5,
b6043b71d,
b6047866c,
b604b31b5,
b61008f30,
b617be9e2,
b61d1bc8f,
b6253b18e,
b63189c6c,
b63266b02,
b63f334a0,
b63f82b9e,
b6469d3c3,
b657b8d06,
b6688b8c5,
b669cfc88,
b66da24e4,
b66f0cd61,
b67d73825,
b67f9b879,
b68b3717a,
b69313a43,
b69344a7d,
b69b880b4,
b69c2ef72,
b6aec8269,
b6b09f76f,
b6bae2f98,
b6c911f26,
b6dcf2356,
b6e8b40ae,
b6eb859fa,
b6f2424fb,
b6f4badab,
b6f7d69fe,
b6ff44aa4,
b7053c705,
b70e0dddf,
b7172351b,
b71900a4d,
b72f8165b,
b7321625e,
b73bb5139,
b74e72071,
b75dadf43,
b77337212,
b773becbb,
b788b3f0f,
b78b7789b,
b799b3bdf,
b799fd7a9,
b7a339801,
b7a3bfd36,
b7a7124cc,
b7a80cbed,
b7b801a00,
b7c61bf85,
b7cec6c39,
b7d0f04b5,
b7d3a2060,
b7d3fdf56,
b7d7e3d3f,
b7ec2f672,
b7f007de0,
b7fd30ac1,
b8078f4c3,
b81b56e9f,
b81e1ed9b,
b82475724,
b82812cdb,
b829c1194,
b82aad25a,
b8363d71b,
b83f303de,
b84188544,
b8529dc72,
b85872587,
b858951e0,
b8598ee17,
b85cb3c06,
b861519f0,
b86b67f5c,
b87362831,
b87761a3e,
b879bdae2,
b88ef7d10,
b8949668f,
b895583a2,
b89629d8b,
b8963bde4,
b89733d13,
b8a1683f5,
b8a8cdcb6,
b8a9bbe4a,
b8ad556f9,
b8d3c3c42,
b8d6b62dc,
b8da586ca,
b8dbcb8ba,
b8f8ba393,
b91266601,
b91b73e8e,
b9235944f,
b92385bfa,
b94578ba8,
b94d82d3b,
b95187d0f,
b95486db9,
b95698658,
b97150f44,
b971c7d5c,
b97fa18ab,
b9859d288,
b985fe51c,
b9879a0fb,
b992252d5,
b9a13c5b6,
b9a70315c,
b9b71b4c1,
b9c346aa2,
b9cac05ee,
b9d7c15be,
b9f414c4c,
b9fac103e,
b9fd2197d,
b9ffc9a14,
ba07b9867,
ba0a0dcb7,
ba13ad810,
ba13bd569,
ba1aa13d0,
ba1f473d8,
ba29e1a37,
ba3135a1d,
ba3140fdf,
ba34b6e84,
ba474c1a1,
ba49de163,
ba4ab9d6e,
ba55f8fcb,
ba58b350a,
ba60ecde8,
ba691eaf2,
ba7819087,
ba858757c,
ba89d73a8,
ba95eaab1,
ba9c953fb,
baa0cadef,
baa401f09,
baaa49acb,
bab205748,
bab710092,
bac100d8c,
bac24cd4e,
bac5b36fd,
bac6869fa,
baca85616,
bacb4e460,
bad5b1945,
badb6a4dd,
badfb7aa3,
bafebcaa9,
bb012e8b8,
bb01d8dbc,
bb0738c6e,
bb1059c71,
bb15d5ba6,
bb173594c,
bb2620341,
bb2be9d77,
bb35135f1,
bb371567d,
bb443dc80,
bb5b1f587,
bb66aeb49,
bb6f5acd7,
bb6f754e4,
bb708a43a,
bb8917479,
bb8bd6d45,
bb98c0b22,
bba276cce,
bba2da62c,
bba80c75f,
bbaa58236,
bbb7dbe60,
bbc067e2a,
bbc5c731a,
bbddacfae,
bbe643c44,
bbe7f9004,
bbe8b85d1,
bbec01a1b,
bbf085149,
bbf289347,
bc0ab248f,
bc11c077e,
bc14e689e,
bc176a01e,
bc1ca0c9f,
bc1d10699,
bc3a2afde,
bc3df48ba,
bc48fd2bd,
bc6771657,
bc6bccbf3,
bc6d0617b,
bc7b8c9ae,
bc82cc7b7,
bc86569dc,
bc8b68761,
bc8c521d0,
bc8ddd853,
bc8e1e6b3,
bc90bb755,
bc96c4b09,
bc96e67e7,
bc9adc39c,
bc9b80da1,
bc9d4856d,
bcaf373bc,
bcb219458,
bcb5e5405,
bcb75d289,
bcdaeb49e,
bce895986,
bcfaf1b9f,
bd05e2b5d,
bd143a585,
bd1c7789c,
bd27aae6a,
bd2c3f915,
bd2f20e20,
bd33a68b8,
bd3ac280e,
bd4c8308c,
bd4e74b6a,
bd543a52c,
bd57755c7,
bd584c198,
bd5eea5db,
bd623a6a2,
bd6281f19,
bd8a6b391,
bd8da80de,
bd8f3ae41,
bd957074c,
bd975f673,
bda7dfc59,
bdbb3ce03,
bdc4ade6c,
bdd913ce5,
bde3d8a9e,
bdeda9578,
bdee6ae03,
be030dc68,
be16085f1,
be1c90c04,
be1eda975,
be22eea78,
be2b17dd8,
be2b5f2b1,
be3240f7e,
be362994b,
be3687c7b,
be38f6bce,
be4c0fd79,
be4fdacd7,
be604cb9c,
be605feb3,
be6f8b560,
be730ef62,
be75f2b08,
be78f51c1,
be792cd01,
be7d7cbb6,
be92c0706,
be98835f6,
bea28c63a,
beafea08d,
bec4c9aa5,
becdfa440,
bed5ecbb1,
bed93d3cb,
bedc96f44,
bede0dee0,
bee50d6d5,
beec52736,
beecb64cf,
bef94e088,
befa0715a,
befc5d204,
bf06b17c8,
bf06cce3d,
bf09dc4c2,
bf0d79bac,
bf0dea070,
bf127f5d8,
bf1b97f8d,
bf2058da2,
bf220bde4,
bf26185d9,
bf28679bb,
bf2a71aa1,
bf2c7ed2f,
bf3ac5a65,
bf3baa13d,
bf560f414,
bf57bfae8,
bf5cc9843,
bf6f1486a,
bf79d5876,
bf7d84372,
bf7fc7d89,
bf8985af7,
bf8c2b7c6,
bf91b533f,
bf9ba4911,
bfa78aa41,
bfa99161c,
bfaafce9d,
bfad3eb3a,
bfada49a4,
bfbae64a4,
bfbb7b2f3,
bfbd3a5e7,
bfc569112,
bfdc21499,
bfdd729f8,
bfde52871,
bfdfae275,
bfe13065e,
bfe200bb6,
bffeee1d8,
c002d344c,
c0132188f,
c027801bc,
c04675740,
c04933357,
c04acad85,
c05909938,
c05e5d1ce,
c063f0d06,
c06633537,
c0667509a,
c06bcd867,
c07f9200e,
c07faf49c,
c086b46d7,
c08af5665,
c08f7fbd7,
c094fc24e,
c0c4c60f7,
c0ca1c17f,
c0cd100d3,
c0cf40d4d,
c0d531ed7,
c0dd973a2,
c0e19f82e,
c0e1fb5ad,
c0e8e5d4c,
c0ed939df,
c0f0b6cbb,
c0fadd5da,
c103523ac,
c105230eb,
c10ad921e,
c115a029e,
c12ca62a4,
c1304726c,
c135ba52a,
c1365acdd,
c13c160b0,
c15147d8e,
c152d886c,
c15458421,
c1568376a,
c15ea7147,
c171befec,
c18aa27a1,
c18b7abb1,
c18c03cce,
c19a01b72,
c1a2b2096,
c1ac6f94c,
c1b2f6756,
c1b7030ac,
c1b7f7595,
c1be5a67b,
c1ccddafb,
c1d1e3c67,
c1e35f009,
c1e9aa246,
c1f7a34a5,
c202e5509,
c21127311,
c212b3422,
c218c1cac,
c21e53c38,
c2217f8b3,
c233d8615,
c23a385f9,
c23c1edcb,
c2450c3d1,
c245b9b1f,
c246343a6,
c24910eba,
c24c73851,
c2555c86a,
c25ce879f,
c264bfdf1,
c264ccc56,
c26664265,
c26c90339,
c26d53aa8,
c26de6d99,
c26dfc68b,
c2706f0d0,
c2745a06f,
c27cc7572,
c2a9a27de,
c2c82c228,
c2d158bdd,
c2d63ff09,
c2e5947f6,
c2ee76d47,
c2f9ed94c,
c2fc51af3,
c30fb8f9c,
c318bba91,
c318f6501,
c31ae3c19,
c32b12aac,
c354e24c8,
c3617cffb,
c36825f44,
c36849b29,
c371fe406,
c374ae4ef,
c3780e163,
c37ec210e,
c380129b8,
c383daeb1,
c38abebfe,
c39e8615e,
c3a7c8928,
c3b752c8c,
c3cd4e182,
c3ce62e21,
c3ec88602,
c4077b2f2,
c40cb255d,
c412ef05d,
c41323c26,
c4179aa8b,
c41e5891f,
c431f2c73,
c439af4f9,
c43a39e53,
c43c10b32,
c447eb379,
c44ce00d0,
c455c0421,
c46a852ef,
c47610e8a,
c4773b02d,
c47b4c9b1,
c48417c68,
c484ce070,
c487860b1,
c487fd70a,
c49362ea0,
c4a366b62,
c4a565119,
c4ab9ba50,
c4b389813,
c4b8f92fb,
c4c9e7dcd,
c4cfead6e,
c4d870f3e,
c4d8acdac,
c4dad88db,
c4df9d520,
c4e999b86,
c4fa73b28,
c4fb64948,
c4fc89033,
c501396c5,
c50e61f7d,
c512d1bc0,
c51986931,
c51dc1e26,
c520bc90a,
c526b4a18,
c531df0a4,
c536ca73f,
c53881da5,
c5523e56f,
c5530d42c,
c55527fc8,
c5578c571,
c5581681e,
c55dff44b,
c55fdd14a,
c56067ca2,
c5642e492,
c5654a37c,
c5750e71b,
c583abb7a,
c5852c9d5,
c58707581,
c58a1e356,
c5aca845b,
c5b95d356,
c5c7444c6,
c5cd03dc9,
c5d200c9c,
c5d472068,
c5d90d343,
c5db62a2b,
c5dbbca3b,
c5e3703b4,
c5e5b31ff,
c5f347204,
c5f358792,
c5fec80c8,
c60705bee,
c609d1914,
c610a7ab7,
c6123664f,
c61c091ac,
c62485ed5,
c6257586c,
c62e8f6ea,
c639e747b,
c643adacd,
c645bb6f8,
c64d012d6,
c652ea481,
c662f2efe,
c6783fd68,
c67f9a4f7,
c6875465e,
c68afb19a,
c68e4609d,
c6bdb8eb6,
c6cb12f5e,
c6cb4d369,
c6d91b0f3,
c6ddc1fbf,
c6e0cb1ff,
c6e6c32b9,
c6e8de98d,
c6ea80ce5,
c6eae67c7,
c6f74d809,
c6fdc5e74,
c703a1ac7,
c70580b6c,
c70b89c90,
c711cda77,
c713ac7a4,
c71d8f370,
c73cff54f,
c7553fd8d,
c75b9f898,
c766bd8a0,
c767ddbc3,
c76dc4d03,
c772297cf,
c7770f997,
c780da44d,
c78924e18,
c7a668a8f,
c7a726356,
c7aacdc22,
c7ad6324f,
c7bebeb57,
c7bfd967f,
c7ca1bfc1,
c7cd479c2,
c7d1bfc07,
c7d46bb08,
c7dbb7c45,
c7ddf47ad,
c7e598da0,
c7eb57a53,
c7eccf883,
c7eeaa1a9,
c7f174327,
c7f46064e,
c80834ecd,
c80a6e98a,
c80dd37b5,
c825708e8,
c838147cf,
c84c25d85,
c84de44c9,
c85e2e52a,
c86841ef0,
c86aa34bd,
c8754c7e8,
c87fab19d,
c88343639,
c8836dac4,
c88c13b54,
c899fa372,
c8a92cc43,
c8b712603,
c8b89de7d,
c8c196906,
c8c38fc3c,
c8c69ad58,
c8ce71845,
c8ded781f,
c8e13f685,
c90947444,
c91327426,
c9424c096,
c94eebe90,
c95266afb,
c95269aa8,
c95d63ec9,
c95e91137,
c96257fda,
c9683e861,
c9804b416,
c9847cffe,
c9893ce55,
c9935a75d,
c994fa762,
c997b83ea,
c9a71c172,
c9ac6b5b4,
c9af4c908,
c9b64a7e1,
c9b7e95ee,
c9c80c3e9,
c9cf3cfe2,
c9d179eeb,
c9d8418a2,
c9e1bd7ca,
c9f776977,
c9faddbf3,
ca1966c59,
ca1a442da,
ca1c783ee,
ca24fdefe,
ca2eec779,
ca3230969,
ca38b37bf,
ca46e2e63,
ca55f9e78,
ca5acb8c8,
ca5db18de,
ca65204c2,
ca662da2c,
ca68a3b47,
ca8bf09d0,
ca996a694,
ca9a5f952,
caaed7481,
cab98b3b4,
caba6211e,
cac277038,
cac993c6d,
cad472c55,
cad4c86af,
cad9d21e3,
cae74c720,
cafd8cf52,
cb03311c0,
cb0a53ac2,
cb0af7091,
cb0b740b6,
cb0daf3eb,
cb11c603e,
cb19344d7,
cb1e901c3,
cb27bb758,
cb3015b46,
cb35cd650,
cb3c43d02,
cb42dce63,
cb470f021,
cb4aae0e6,
cb508d659,
cb5d34df9,
cb64e5490,
cb71dd6cb,
cb751a429,
cb7527171,
cb7dfd727,
cb8fc937f,
cb95894e2,
cb99eea7c,
cb9d93608,
cbb53c36d,
cbb6be93b,
cbbc7ff8b,
cbc0c8db5,
cbc2a9c1a,
cbc2eda5b,
cbc6f95d1,
cbcd99f79,
cbd9d9d03,
cbdadbf8a,
cbdeaf138,
cbfb23a82,
cbfd8b5b5,
cc21aedd4,
cc2cc58bc,
cc4a57420,
cc5dd3c88,
cc6395b0f,
cc6c700df,
cc6d98e4b,
cc717bf59,
cc79420ed,
cc83cc0b6,
cc97622e7,
cc9826f99,
cca34a1ec,
cca782dd3,
ccaba72e2,
ccadc4f22,
ccb19ea61,
ccb2a29e3,
ccbf0a452,
ccc7b3b26,
cccab88d4,
cce27b0c0,
ccee06b39,
cceef3d8b,
ccf3d89ce,
ccf68cf54,
ccff34946,
cd00b0bd5,
cd0e081bb,
cd0eef694,
cd1a85e36,
cd2189e5b,
cd2972d6b,
cd33e9652,
cd36257ad,
cd3bab628,
cd3d4d43b,
cd3d69835,
cd4f5c145,
cd6210362,
cd665c616,
cd6af5756,
cd7306fd9,
cd74d8068,
cd83447a5,
cd9ac1c72,
cd9e32384,
cda2a47f1,
cdb2b4b1a,
cdb4ee654,
cdbb12a6e,
cdbcd88fb,
cdc0d65cb,
cdc34fb33,
cdcb8cd6d,
cdcd7f0b7,
cdcfe5ab8,
cdd2b2e27,
cdd95573b,
cde30df8b,
cdeb7fe4a,
ce098e289,
ce0f0848b,
ce1833d0e,
ce1b7c3e3,
ce46a7c97,
ce4c39c16,
ce54f337e,
ce65c9963,
ce661de5f,
ce6d7348c,
ce7199667,
ce739e1bc,
ce832fd41,
ce8dea9ea,
ce96dda82,
cea0a6584,
ceafe2326,
cec105082,
cec2753eb,
ced0e97c2,
ced19fc25,
ced4a9484,
cedba7d4e,
cee2e7f4c,
ceeac3e6f,
cef6d90fe,
cef958ec5,
cf0819ec0,
cf0b02251,
cf0ba4db5,
cf1688147,
cf20303b1,
cf2e6d199,
cf3c0a171,
cf3cf15b8,
cf3d82d37,
cf52e86eb,
cf55222bc,
cf58bc8ce,
cf5ea3752,
cf6284ae4,
cf64fbf30,
cf69bb748,
cf734d970,
cf74f5267,
cf899f1c1,
cf9414788,
cf9e856c5,
cfaeda2f7,
cfbf329fa,
cfc11dc6c,
cfc52efba,
cfcaa1713,
cfd174009,
cfda4e65b,
cfdf6f28b,
cfdf7f814,
cfe34225d,
cfea8be40,
cffba83ba,
d0016a6ce,
d002af650,
d023646c1,
d033afc4e,
d036cb94b,
d03734b65,
d043249aa,
d04508cef,
d04d177ec,
d0656a0ec,
d0693f162,
d06d63717,
d07399f8e,
d07e31511,
d09278463,
d09f002bc,
d09fc2b77,
d0a79fb08,
d0b436a4f,
d0b60b1e4,
d0be1c0e0,
d0be505ae,
d0c51ff80,
d0c5bacce,
d0c82ed5f,
d0c8d0881,
d0d10f455,
d0d46cbf9,
d0dab9fb0,
d0de054fb,
d0e00b78f,
d0e1a6e8f,
d0fa73086,
d118e75ed,
d11b436e0,
d121f1dc5,
d1264b96d,
d12929e27,
d131ae301,
d13b80299,
d1466f6b3,
d14b2930b,
d160faa63,
d185ea4a4,
d18a34584,
d19236619,
d19925d1e,
d19952cda,
d19a8e52d,
d19d730db,
d19d81367,
d1aae46af,
d1ae07eb0,
d1b380330,
d1b5b7051,
d1ba7b282,
d1bf47302,
d1c54a25d,
d1ca2f9e1,
d1d1158d1,
d1da4fc07,
d1dac9a11,
d1eeb3420,
d1f5c6c54,
d203ce9f3,
d2132510e,
d21906701,
d21ed95e8,
d2222d953,
d22485fa5,
d225dadfb,
d23456c22,
d2392af6b,
d23b1d0c1,
d23b53358,
d253828d4,
d25fe5c15,
d273af0fe,
d275f05de,
d27bd16f8,
d28e702bd,
d297acc63,
d29be54c5,
d29c12463,
d29ed865b,
d2a4cf658,
d2a943911,
d2aa864db,
d2af96446,
d2cd36a5b,
d2d8896ca,
d2de047ca,
d2e0160ee,
d2e9a7d91,
d2ed0fdf3,
d2fa9f7e8,
d31067b43,
d312bd924,
d31406fee,
d314cec57,
d31c57943,
d32462656,
d324c0e3d,
d3271533a,
d328b4b1c,
d3295ce45,
d32f6704d,
d32f88efc,
d3380574f,
d339e8ee1,
d33d8246c,
d342474f2,
d345ef012,
d366962da,
d36d16088,
d36d2855e,
d37c29b9a,
d37f93a73,
d385a0e12,
d38af4f9a,
d39d344e0,
d3a28fac6,
d3a87e948,
d3a8b2e10,
d3ac729f9,
d3bbb3ff3,
d3c0087e1,
d3c563b1f,
d3d4cf9f5,
d3d6a395f,
d3e0746fc,
d3f0205d3,
d3f0f8d00,
d40a93867,
d41571ec9,
d41bce319,
d4242cb77,
d426d1541,
d4294d949,
d43096d71,
d4374df06,
d43ec4819,
d440c13e9,
d445a6293,
d44b758d6,
d45090f05,
d455b021c,
d4620f847,
d46c9c375,
d4748127a,
d47750234,
d47cb6103,
d47cb9f6b,
d47dcdd69,
d48713fed,
d48f9fb92,
d4b1d819a,
d4b4c849e,
d4ba25656,
d4c4e1a65,
d4ce0d75c,
d4ce128fd,
d4d18b9eb,
d4d54ec58,
d4e46b35f,
d4f53a225,
d4fc12c62,
d501a7590,
d5068ef03,
d50959802,
d5158c132,
d51a73ed4,
d529d7855,
d535140f1,
d53836de7,
d546ba326,
d54a8f26d,
d54f0acd3,
d554ddf5f,
d55764ac8,
d5610cd97,
d57035749,
d577e6592,
d578db7b3,
d584349f7,
d591203e9,
d5912eebf,
d5a4e5dbb,
d5a6e2309,
d5acae063,
d5b7bf6e3,
d5c05dc9b,
d5c128d91,
d5c6aa1d3,
d5c7b417f,
d5cd31d12,
d5cd4c0b9,
d5cfaa7e1,
d5d6fdc9b,
d5d99d7a2,
d5e187a71,
d5f1da81c,
d5f85e88d,
d6043b353,
d60af3b41,
d620c77f3,
d624ac433,
d62fb035d,
d63dd45e5,
d64704d20,
d64a4a759,
d64db2797,
d6574e9bd,
d65d8383c,
d65db957b,
d65e984f5,
d6637a324,
d66725634,
d6728761b,
d678430aa,
d68108cef,
d6828b59a,
d69307299,
d693f46f7,
d6a2ccbff,
d6b0d9065,
d6bf2303f,
d6c188d4b,
d6c2c5079,
d6c316c59,
d6c80f599,
d6cc47115,
d6cf98477,
d6fce92a1,
d6ffb36b7,
d7041d2f4,
d718c0c29,
d71cc8877,
d726eef6d,
d72b0df6b,
d72c3c2b2,
d73d24b3c,
d748c57ce,
d749cac88,
d754b6e93,
d75b29ee3,
d75d51ed4,
d765cfa4e,
d776652b1,
d78098308,
d78111730,
d788ce75b,
d7896aa92,
d790d81fa,
d79369a45,
d794f8f4e,
d7a5cc526,
d7b4ae67f,
d7d972e01,
d7e34f62e,
d7e95b4f0,
d809d13d5,
d81402d8a,
d83c3a2f0,
d83d4773e,
d840eb373,
d84e5488c,
d86124d9c,
d864f0437,
d8684dad6,
d86b136f3,
d86eea9ac,
d87cae503,
d87cc95e4,
d87d58a7c,
d87dcff97,
d8871065d,
d88cf15bc,
d88ffad4e,
d8a9ff9f3,
d8c3a2fc3,
d8cc091ec,
d8ccbdaf2,
d8ee9dd39,
d901959ea,
d907d3172,
d90905715,
d90d3890a,
d90e381f6,
d91758b7c,
d933970b6,
d93435874,
d9423945a,
d94f90817,
d951725f1,
d95b3e50e,
d96948f28,
d96faf138,
d980b72d2,
d9857c94c,
d98e85a30,
d9ac13626,
d9b49966e,
d9b9a8941,
d9bbdfe61,
d9cd8108c,
d9d3468f3,
d9dc81672,
d9dca21bc,
d9ef85811,
d9f39a0ec,
d9f975bb6,
d9fbbf1d6,
da02dba51,
da1520dce,
da163b1f3,
da17124e2,
da1e4bcf9,
da1f12533,
da235551e,
da375f1a7,
da3aef674,
da495661e,
da4a85e54,
da506a9fe,
da510b210,
da51a2408,
da61e13d5,
da6325657,
da6d32841,
da71976f7,
da7c5b842,
da86f97af,
da8e922fb,
daa6b57f2,
daa767302,
dab95f8b8,
dabd7a2e6,
dabe0abda,
dacba5011,
dad096a55,
dad77c860,
daf480b1a,
daf6f3a8b,
daf6f66c6,
db065bb55,
db06e2a8f,
db2788dfa,
db2e56e29,
db3b38993,
db4c27317,
db4cba9fb,
db4e72e22,
db5147ab2,
db51761bd,
db54b2271,
db553cad7,
db55a2150,
db5da5f26,
db6ff787d,
db755a56a,
db780d56a,
db800e410,
db8604a9c,
db945231a,
db965ed0a,
db9df5846,
dbb84c097,
dbbd4dff9,
dbc31856a,
dbc82f9d7,
dbc861536,
dbda4064b,
dbdf72709,
dbe1be616,
dbf4deb2e,
dbf90a144,
dbfbacbdf,
dc086b4db,
dc0d8ddc4,
dc154cbb6,
dc20f8235,
dc2aaaee9,
dc2f47c02,
dc35ed772,
dc4223d0b,
dc47f4406,
dc4d3e4b5,
dc4f9547f,
dc5116c0e,
dc54ebe80,
dc5d3f05b,
dc5fede33,
dc68cab42,
dc69d7335,
dc73b1c4c,
dc8399fac,
dc877cb55,
dc98d87e4,
dc9c34dd5,
dc9d6570d,
dcb3d4bb4,
dcb83e29f,
dcc8a771a,
dccd77406,
dcdf0f575,
dce0cfaf6,
dce8f5b44,
dcefa8e08,
dcfe14c69,
dcfe9fe0f,
dd03ff038,
dd04a328a,
dd06c349a,
dd17b2712,
dd1a46535,
dd34ee959,
dd363dfaa,
dd4ca64ee,
dd4d871d0,
dd57faa71,
dd5edb622,
dd64dd8bb,
dd65c60c2,
dd6cc638b,
dd7433d1a,
dd7e3f5b4,
dd8973e44,
dd8c915f1,
ddc268f19,
ddc72c16c,
ddceef1f1,
ddd8c6e90,
ddd8feec3,
dde05a6c2,
dde9c1087,
ddf02e824,
ddf1ea317,
ddf3c2d48,
ddf777dc8,
de003310a,
de03d0816,
de0d37b55,
de0d508f3,
de0f71bf0,
de1772d4a,
de2875f3c,
de2cf5a69,
de2eff035,
de33138aa,
de4488684,
de47de3b5,
de4a15038,
de6323d3b,
de7516f0b,
de7616b01,
de78eff7c,
de872fbe8,
de96460cb,
de9826e45,
dea223d5f,
dea8b4bc1,
deb42758b,
deb5e96ce,
debd13860,
deceb9082,
ded34616f,
dee45f06b,
dee54b882,
dee6fd805,
dee7c8d0f,
deea88354,
def20987f,
def403abd,
def89104a,
df006787e,
df036b28a,
df0923554,
df0b4c3ae,
df0c0ac15,
df1566566,
df20f0cc6,
df32bf9e8,
df353e0df,
df4508c3c,
df4d94a94,
df4f175df,
df51bd2b0,
df65f4148,
df7a6aec7,
df7cdce5c,
df7df0876,
df7f170d3,
dfac7e9a8,
dfae423e8,
dfb0b0f94,
dfc3b3a6a,
dfc3c5c6e,
dfc59f18f,
dfcfed49c,
dfd145359,
dfd1f234d,
dfd27b9d5,
dfd5a6264,
dfe36725c,
dfe979f1e,
dff5008e6,
dff56b4f2,
e0101b420,
e0266b321,
e02c28a4b,
e04358fd6,
e04f7307e,
e05c94677,
e06622e2e,
e0685556f,
e0696d220,
e06af8fd4,
e06dbbdce,
e06e192ba,
e076fe81a,
e077af496,
e07f99008,
e08444ed5,
e08f4e117,
e09b83c1c,
e09dbcc0f,
e0abcb806,
e0adf8064,
e0ae0e67f,
e0b1239fc,
e0d55cc10,
e0dcbbaae,
e0fb6dbf7,
e1017e6b4,
e109dc0eb,
e124f4193,
e12baab36,
e13312e60,
e1396f1b4,
e13ecbfb0,
e15033eaf,
e15d35440,
e15e62855,
e16539003,
e1811d81d,
e182f8885,
e18700df2,
e1a259e30,
e1aa595c3,
e1b2c8cd5,
e1b59ca5a,
e1c01fc80,
e1c289df9,
e1c551955,
e1e576070,
e1e955021,
e1f140e49,
e1f189670,
e1ff265f8,
e2073c6e8,
e2256cda9,
e23037a25,
e23a2b0ec,
e2411b424,
e245d0ec7,
e24748aae,
e24d5f438,
e25581975,
e262a271a,
e26f33e41,
e27323c5e,
e27c00bac,
e27e91d1f,
e27f47aef,
e285c4bc9,
e28cf09c6,
e2901039d,
e2915e530,
e2a0b4a1b,
e2a7f25a9,
e2a885414,
e2b2204dd,
e2b58e3c5,
e2c46e48a,
e2c699332,
e2cac306c,
e2d50a759,
e2db9f08b,
e2e1ab5f4,
e2e4e0aed,
e2e672f58,
e2fa690a6,
e3006ac96,
e303ffb18,
e328728a9,
e32ca10d3,
e32d99a02,
e32e37282,
e32fc6d62,
e33728ff9,
e354245ac,
e354af565,
e35b1d6d1,
e360dff95,
e36318324,
e370b425e,
e3799feb7,
e385f133a,
e38a2c453,
e3a48f191,
e3a857591,
e3a984b2d,
e3c283005,
e3ce155e7,
e3d4c7762,
e3d94f61b,
e3e1319a8,
e3ef798ab,
e3f1a002c,
e3f618f9b,
e40061b19,
e4069745d,
e409e7a15,
e409ed60d,
e412d2055,
e426fd067,
e4462d299,
e4572bd72,
e464b5578,
e466011c1,
e467390dc,
e485e0013,
e48f3540f,
e49b6e46c,
e4a262b6d,
e4ad8c402,
e4d085f25,
e4d6595d9,
e4d9ba120,
e4d9e8cc3,
e4dbec855,
e4e262fc7,
e4f5fd604,
e4fa9f72b,
e4faf064e,
e518ebeb0,
e51d546f5,
e526bec89,
e53a553b3,
e53baf796,
e541abebb,
e54694012,
e546ac072,
e549d8e46,
e54be8314,
e57a1b593,
e5813f3be,
e58d74520,
e5903f86a,
e5976f4f1,
e59997ccd,
e5a96663b,
e5afc269c,
e5bd9e68f,
e5c0b4bbe,
e5c412dac,
e5c6bde45,
e5d117b03,
e5d1e7806,
e5d46958e,
e5d4d6811,
e5d8c4fd2,
e5f047e81,
e5f557194,
e5f7c1840,
e606a806b,
e61371701,
e6146ab7d,
e619a99cb,
e61deadb8,
e62fb0d35,
e6379ec6c,
e63972640,
e63a654cd,
e63b7654c,
e647aeb42,
e66013433,
e66f556b6,
e671e2a7f,
e67f75b59,
e680b99b6,
e687bd4ab,
e688cad7a,
e68d055d2,
e697cb485,
e69899971,
e69e73c5d,
e69facfe4,
e6a257a7c,
e6a73c870,
e6bdbcde6,
e6e363691,
e6fa44fad,
e7059213f,
e70f4e670,
e716ea95d,
e719137d2,
e71ab505e,
e71b0e60a,
e71cbefdb,
e71dce9b5,
e72014ac2,
e72d0cb27,
e72ec8893,
e73143840,
e741691d4,
e7565dbc3,
e75bb6c9e,
e75cc612c,
e75cdcfd5,
e762c27bf,
e769f8d8d,
e76e00ffd,
e76f59d8c,
e77849eff,
e77a2c384,
e7922b70f,
e799b10d8,
e79ee0635,
e7add04bb,
e7b9985a1,
e7bb3cc6e,
e7c0fb920,
e7ccde822,
e7d330d02,
e7d614a75,
e7f47438b,
e8050c6df,
e80e4042a,
e80e8be07,
e81122168,
e8118e55a,
e812b632c,
e82a15e14,
e82a553a2,
e83141ee0,
e836946fc,
e838e4ff0,
e83c02197,
e83c349cc,
e86834e4a,
e873facf0,
e87abad8b,
e87dd566d,
e88877473,
e88ddb96c,
e89a748ff,
e89c85a8a,
e89d31e88,
e8a4389a5,
e8ae4b7ff,
e8b340d18,
e8c038605,
e8c3f283d,
e8ca2c40d,
e8cfee2b6,
e8d202dda,
e8d8ff7b5,
e8e453518,
e8eb44b6c,
e8f090670,
e8f4fe20e,
e8f701133,
e8f7f8721,
e8ff9b92e,
e9073d3bf,
e907e792c,
e90fe12f0,
e9173fce0,
e92c55062,
e9310586a,
e931dab2c,
e9372c236,
e93faed83,
e9564faf1,
e9566d3d0,
e963d2358,
e96a09db2,
e98298933,
e98acc4de,
e99c23dc5,
e99cb2d6d,
e99d9df73,
e9a0b5a09,
e9a1da314,
e9a3d272f,
e9bb69ead,
e9c09051c,
e9c4184fb,
e9d788778,
e9d98810e,
e9e629044,
e9f69e9e8,
ea03499ad,
ea03c553b,
ea0523cb3,
ea057ff4c,
ea06c71cc,
ea0c1cb53,
ea112e59a,
ea1b6e2b3,
ea1cf7bbe,
ea278e31b,
ea31213d3,
ea37b8ec8,
ea442288b,
ea4b24f2a,
ea510947a,
ea53bcc98,
ea541cc64,
ea59736e8,
ea662f511,
ea6660f53,
ea6fc0494,
ea6ff462e,
ea720f5f1,
ea7755069,
ea8220a4f,
ea85c9050,
ea8cfe51f,
ea955b757,
eaa4d3268,
eaaec0b05,
eab99c6e3,
eabb28199,
eabc490f5,
eae4d6a97,
eaea69a37,
eaeca3ae5,
eaf6f24e0,
eaf8148b7,
eb0bcd635,
eb0dbbbc7,
eb1d0ac49,
eb1d21b0a,
eb1df6c80,
eb1fc0362,
eb2553620,
eb3afcede,
eb3b774f9,
eb3b88eee,
eb4b9d618,
eb50439a6,
eb58ba5e8,
eb610b869,
eb65c5c26,
eb749c00e,
eb7ecc906,
eb81f1687,
eb823ac6e,
eb8beefb8,
eb9482edc,
eba37c86c,
ebae5b983,
ebc672851,
ebccced5d,
ebce3dbfd,
ebe3e95b5,
ebeb1ca65,
ec0d60ce8,
ec138b0f2,
ec1a6121c,
ec1fa09e9,
ec2ecfabc,
ec2fce053,
ec350a632,
ec3529ac4,
ec39d4ee1,
ec3ae7854,
ec3f21164,
ec48045fb,
ec54c6e7f,
ec5e3770c,
ec5f784ca,
ec69c4811,
ec81d3931,
ec96d3604,
ec99399e0,
ec9fde8d4,
ecaa7a6d0,
ecb33e062,
ecbef2af1,
ecc4ae2c9,
eccaafd74,
ecce5e9ef,
ecced13d0,
ecd5c430b,
ecd6cf2a6,
ecdfcd7be,
ece04a118,
ece609b10,
ece943534,
ecede1adc,
ecf018f65,
ecfaccedf,
ecfb5a24e,
ed111f101,
ed1c80951,
ed27ddecd,
ed2934333,
ed3539341,
ed4971a29,
ed5246714,
ed6570249,
ed72cae03,
ed7fad12e,
ed86b4073,
ed890e6b6,
edb083e13,
edbbc39d5,
edc332e09,
edce6c418,
edd730147,
eddd0ad33,
eddd3ff65,
edeed82eb,
edfac2434,
ee02cbc2c,
ee04d84f1,
ee0566d1e,
ee10a1864,
ee132753f,
ee136acc7,
ee1f17704,
ee23f042e,
ee2b126c2,
ee2e09a6c,
ee31c2b4e,
ee3b3d67c,
ee4863d53,
ee4dcb418,
ee539abc8,
ee630ae68,
ee6d0541d,
ee6d272ae,
ee6d87dd2,
ee715a1e6,
ee775c754,
ee7de7260,
ee8aafcf1,
ee8bd4691,
ee8cf1946,
ee8d48b4f,
ee8f4b623,
ee8f63398,
ee98380b0,
eea970dfe,
eec309fff,
eec690a90,
eecb174b4,
eecbc5c13,
eed60a954,
eeda4c029,
eedd028e5,
eedfc691c,
eee7e0089,
eeedb63c6,
eef269fa5,
eef41eeca,
eef684cde,
eef9690c8,
ef01f6584,
ef02fc94c,
ef1a6ac39,
ef2883db1,
ef2d3c558,
ef3b8e71d,
ef3ed4bdb,
ef4987885,
ef4a2497b,
ef4bfb410,
ef551d6b9,
ef559e2d9,
ef595803b,
ef62d2608,
ef63883cd,
ef6488184,
ef6d5ed97,
ef8121269,
ef873032d,
ef87320b9,
ef88f7a22,
ef8c1f2ad,
ef90af2fa,
ef9c0beaf,
ef9cf988f,
efb2e3891,
efb9b702a,
efbac9284,
efc1939c3,
efc616c95,
efcbce1c9,
efcf7e905,
efe22723b,
efecaf2fd,
eff894840,
effe00e5c,
f0029b28c,
f0029c737,
f00d2044a,
f01f87a8f,
f026c1beb,
f02b00fe4,
f02f77e8d,
f0428245c,
f04abc266,
f04b9bc1c,
f0521ae03,
f054b9848,
f055ca280,
f059db589,
f05ffe684,
f0610f9b4,
f0642f4e5,
f0647149b,
f07352e64,
f0754766e,
f083ebac7,
f088652ef,
f0900d441,
f090b5877,
f09ab32d2,
f0a10ed5a,
f0ac08475,
f0b7246bc,
f0d73ada5,
f0f6b74a4,
f0fb1a4c4,
f0ff0e49a,
f102c552c,
f10bacca1,
f10c9650f,
f113ccc2f,
f122aab40,
f128abd51,
f12e585bd,
f130b46d5,
f137e52cb,
f13a806c5,
f151644c0,
f152ad8db,
f1580da0d,
f15caa636,
f1685778b,
f16cb1369,
f17591fd6,
f18167fe9,
f18494cdd,
f18ea15be,
f199ebf81,
f1a7495c4,
f1b072728,
f1b311080,
f1b3e004e,
f1b898c30,
f1be87e8a,
f1bfafaa5,
f1cf641c4,
f1d55b314,
f1ea39a00,
f1f0051e9,
f1f2a9192,
f1f42f4f3,
f1f960ad7,
f1ff6d603,
f204b8845,
f208eca47,
f2105042c,
f212e5b1b,
f2144420d,
f2147e2e1,
f21d78275,
f23283163,
f23aad0d5,
f24181b7e,
f251e3da1,
f2583c469,
f25a8dd0d,
f2603cad0,
f26749417,
f26ef9bbb,
f28b76446,
f2978b544,
f299fad29,
f2ac2edec,
f2c048750,
f2caddd48,
f2cc75757,
f2dc7f85d,
f2dc95bd0,
f2df51b8f,
f2e091947,
f2e6ddd12,
f2ed7d3c0,
f2eeb89ff,
f2ffd991a,
f30a0a053,
f30c13aa6,
f315159e4,
f31b7c00f,
f31ee7d47,
f322f24ef,
f32a4cf99,
f33074481,
f336b9ab1,
f33e73f62,
f344eb1f3,
f347680c6,
f34afd86b,
f35bbf310,
f36698079,
f366dcc33,
f38ec78d5,
f39c4976d,
f3a438231,
f3b100318,
f3b410908,
f3c23051b,
f3c23c4bf,
f3c4a98d8,
f3d3ff801,
f3dadb121,
f3db77b34,
f3e35a761,
f3f739a5a,
f3f80fe80,
f3fa22c1d,
f40a2740b,
f40e7d154,
f4136fd29,
f44233597,
f45d55487,
f467115f5,
f46875198,
f470681db,
f473e653d,
f474d1ea1,
f47b2bbe6,
f47d8eaf7,
f47eb1517,
f4839d5a3,
f48d05604,
f4963046e,
f497bc8dc,
f49c5819c,
f4a0eaa05,
f4a6d1f78,
f4b45a8d3,
f4b7c4a65,
f4bab576b,
f4c2c70bc,
f4c625e01,
f4d8b82ee,
f4decfaac,
f4def7e09,
f4e12f2c2,
f4e510098,
f50bf88b0,
f51146f8f,
f5130711a,
f527401dd,
f532ff155,
f53c21212,
f53c3a287,
f559f1cbb,
f55d3f1cb,
f56075073,
f57956a07,
f5860cd63,
f589dc73c,
f58b98bed,
f59fed8e1,
f5a8eac54,
f5ab693f2,
f5c1c3214,
f5c354009,
f5c585c63,
f5c7f3eb2,
f5d25af84,
f5da51794,
f5df65e7b,
f5e17620d,
f5e184662,
f5ee98c75,
f5f435ad9,
f5f46a15d,
f5f706084,
f5f7315cb,
f5f9b81e2,
f6065e783,
f607487dd,
f60935af1,
f61f14fc2,
f621b150e,
f62c9a14f,
f62d93653,
f63ab5d46,
f641450d2,
f64557d3d,
f6467f412,
f64aeb554,
f65678acb,
f66a307f5,
f66c7b189,
f678ea1e9,
f686468c1,
f68c4d7c7,
f6a989560,
f6ae06c7f,
f6b412b2c,
f6ba04c3a,
f6c0bf0f7,
f6c189101,
f6c2a6d7c,
f6ccedec7,
f6d1b538a,
f6d48c25d,
f6d4c3659,
f6e296b3e,
f71cd35d6,
f71df283a,
f7381d1d0,
f73ed721f,
f740d80e1,
f749f1f33,
f74c30aeb,
f7548d0eb,
f75bc4f3e,
f76314b16,
f76c95ffe,
f7783318f,
f784598fe,
f7a4e429e,
f7a5e1dcb,
f7b345696,
f7c3bbc19,
f7c6037dd,
f7ca6a336,
f7ca9ebbe,
f7cf8c2df,
f7d3f5474,
f7ddabf2e,
f81e9d1e3,
f81f98181,
f829cae4f,
f82e4703a,
f84220402,
f8434eaac,
f8497f576,
f84ef57cb,
f859e555e,
f86d354d2,
f8802734b,
f884e65ad,
f88a80e6d,
f8935ae34,
f8a42c2a8,
f8a992d86,
f8b66e6cf,
f8bb4731f,
f8ca6362d,
f8db552a8,
f8e016453,
f8ea289bd,
f8ebec359,
f8ef01818,
f8f6dcd3a,
f8fa16b4d,
f9104bbb6,
f910ca755,
f91293d64,
f928715f6,
f92f6f674,
f93185201,
f934548bb,
f9381e090,
f93cf28a2,
f95a44d64,
f96d37d25,
f96d6ef36,
f97dcf8eb,
f98456144,
f98e0b328,
f99431b7d,
f994eda26,
f99ca935f,
f9a616a86,
f9b03c0f4,
f9b7ab6b5,
f9c0674bc,
f9dc2de0f,
f9ddf209d,
f9e124f90,
f9e9e89f5,
f9f0de3d1,
f9f17b1c6,
f9f98d8d1,
f9fa5b671,
f9fa799ac,
fa0a246a4,
fa0e3e3f6,
fa1ade8b2,
fa1f62d0e,
fa20158b8,
fa236ae58,
fa2ccdf89,
fa2f562c1,
fa3303296,
fa3378737,
fa400b78a,
fa400f328,
fa476e337,
fa4cf3589,
fa504210e,
fa57bcae1,
fa63b5fcd,
fa6b9d2f1,
fa6c41bf2,
fa8dad6eb,
fa9b68d31,
faa1138ff,
faa36bae5,
faa49e043,
faa696b45,
faa93b8ef,
faae793f3,
fac1b34d7,
fac7951a6,
fadc702dd,
faddd6222,
fae1b7393,
faeb9f3f5,
faec0e84a,
faf4cddcf,
fb016cf33,
fb01c25b9,
fb0e01572,
fb14fe0d0,
fb1b74244,
fb1e0df09,
fb25e8d7a,
fb2b0ad38,
fb3c305d4,
fb41577ad,
fb4cb635e,
fb58bad13,
fb5bcba5b,
fb75780e5,
fb983b098,
fba5bd226,
fbb5e3d40,
fbb865669,
fbc01f73b,
fbebd980a,
fbec40cda,
fbefbb667,
fc0cdb276,
fc0e2d950,
fc180d474,
fc1a4192a,
fc1caf44e,
fc2271359,
fc3876482,
fc3abb0ea,
fc3dad553,
fc42166c0,
fc459e1e5,
fc477c2a5,
fc47ee017,
fc4a2b9da,
fc4ad2f8e,
fc4b6d4a9,
fc52e3720,
fc58170ac,
fc5ad3bab,
fc6f5b254,
fc75e5187,
fc961d04e,
fc9ec39cf,
fcad37eca,
fcaed1e0d,
fcd399ad7,
fcdc20765,
fce009635,
fcfb340ca,
fcfb45ef6,
fd022e3eb,
fd0bde745,
fd1385f9f,
fd14d69ae,
fd1d8a890,
fd2039172,
fd55758dc,
fd58b7eaa,
fd5a63be5,
fd8617a36,
fd902647b,
fd95e737e,
fdb4f3604,
fdba80251,
fdbf65da4,
fdd1183cb,
fdedb5b67,
fdf34ff04,
fdfcec92f,
fe0083678,
fe0e085fc,
fe1081871,
fe16f479a,
fe21fa1e5,
fe2331b38,
fe25c4b68,
fe261268a,
fe2656c6a,
fe3005e83,
fe344aa12,
fe3983d5d,
fe3d8c823,
fe417bf1b,
fe4605fa3,
fe4c3185d,
fe57c8226,
fe5ff9e54,
fe6f5a121,
fe71c1027,
fe740af06,
fe75fa04b,
fe89941b3,
fe98cfaf6,
fea9d717a,
feab1f4a9,
feb7aa93b,
feba861ee,
febab48fa,
febbb3b12,
fec40d684,
fecaed870,
fed697027,
fed6c148f,
fee390ade,
feea112a7,
feed886fe,
ff016d3e3,
ff02c2442,
ff0750502,
ff0ba910b,
ff103e37d,
ff3274aef,
ff3dcc7f7,
ff4ab335d,
ff4cd5d40,
ff771a983,
ff773e6f4,
ff7c8c8f7,
ff7f1c8ba,
ff85bd962,
ff8ec13f7,
ff9831d8b,
ffb5b60b1,
ffbce04ef,
ffc2d976b,
ffc905909,
ffe276f3e,
fffa17f67,
